Bin Id	Marker lineage	# genomes	# markers	# marker sets	0	1	2	3	4	5+	Completeness	Contamination	Strain heterogeneity
MO_004.bin.1	k__Bacteria (UID203)	5449	104	58	85	15	4	0	0	0	25.86	3.45	0.00
MO_004.bin.10	c__Alphaproteobacteria (UID3305)	564	348	229	314	34	0	0	0	0	5.98	0.00	0.00
MO_004.bin.11	c__Deltaproteobacteria (UID3216)	83	247	155	92	154	1	0	0	0	51.86	0.22	0.00
MO_004.bin.12	p__Cyanobacteria (UID2192)	79	584	458	371	211	2	0	0	0	32.21	0.25	100.00
MO_004.bin.13	root (UID1)	5656	56	24	56	0	0	0	0	0	0.00	0.00	0.00
MO_004.bin.14	c__Deltaproteobacteria (UID3216)	83	247	155	100	144	3	0	0	0	54.82	1.51	0.00
MO_004.bin.15	k__Bacteria (UID203)	5449	104	58	98	6	0	0	0	0	10.34	0.00	0.00
MO_004.bin.16	c__Deltaproteobacteria (UID3216)	83	247	155	210	37	0	0	0	0	10.86	0.00	0.00
MO_004.bin.17	c__Deltaproteobacteria (UID3216)	83	247	155	7	237	3	0	0	0	95.48	1.13	33.33
MO_004.bin.2	k__Bacteria (UID203)	5449	104	58	89	15	0	0	0	0	22.41	0.00	0.00
MO_004.bin.3	c__Alphaproteobacteria (UID3305)	564	349	230	69	259	20	1	0	0	81.89	6.30	39.13
MO_004.bin.4	c__Deltaproteobacteria (UID3216)	83	247	155	218	29	0	0	0	0	4.54	0.00	0.00
MO_004.bin.5	c__Deltaproteobacteria (UID3216)	83	247	155	63	180	4	0	0	0	77.69	2.10	25.00
MO_004.bin.6	c__Gammaproteobacteria (UID4267)	119	544	284	464	79	1	0	0	0	12.73	0.35	0.00
MO_004.bin.7	c__Deltaproteobacteria (UID3216)	83	247	155	49	183	15	0	0	0	76.18	7.06	73.33
MO_004.bin.8	root (UID1)	5656	56	24	55	1	0	0	0	0	4.17	0.00	0.00
MO_004.bin.9	c__Alphaproteobacteria (UID3305)	564	349	230	208	139	2	0	0	0	40.11	0.65	50.00
MO_005.bin.1	k__Bacteria (UID203)	5449	103	58	89	14	0	0	0	0	6.13	0.00	0.00
MO_005.bin.10	p__Cyanobacteria (UID2143)	129	471	368	288	183	0	0	0	0	37.59	0.00	0.00
MO_005.bin.11	c__Deltaproteobacteria (UID3216)	83	247	155	7	238	2	0	0	0	96.11	0.81	0.00
MO_005.bin.12	c__Alphaproteobacteria (UID3422)	26	529	308	5	515	9	0	0	0	98.38	0.93	0.00
MO_005.bin.13	c__Deltaproteobacteria (UID3216)	83	247	155	132	115	0	0	0	0	48.40	0.00	0.00
MO_005.bin.14	c__Deltaproteobacteria (UID3216)	83	247	155	69	176	2	0	0	0	75.77	0.38	0.00
MO_005.bin.15	k__Bacteria (UID203)	5449	104	58	72	30	2	0	0	0	45.85	3.45	0.00
MO_005.bin.16	c__Deltaproteobacteria (UID3216)	83	247	155	123	120	4	0	0	0	57.93	2.58	0.00
MO_005.bin.17	k__Bacteria (UID203)	5449	104	58	92	12	0	0	0	0	18.97	0.00	0.00
MO_005.bin.18	o__Sphingomonadales (UID3310)	26	569	293	4	564	1	0	0	0	99.20	0.34	0.00
MO_005.bin.19	root (UID1)	5656	56	24	55	1	0	0	0	0	4.17	0.00	0.00
MO_005.bin.2	k__Bacteria (UID203)	5449	104	58	86	18	0	0	0	0	10.91	0.00	0.00
MO_005.bin.20	k__Bacteria (UID203)	5449	103	57	90	13	0	0	0	0	12.46	0.00	0.00
MO_005.bin.3	k__Bacteria (UID203)	5449	104	58	95	9	0	0	0	0	13.79	0.00	0.00
MO_005.bin.4	c__Alphaproteobacteria (UID3305)	564	349	230	87	241	19	1	1	0	75.52	7.61	50.00
MO_005.bin.5	c__Deltaproteobacteria (UID3216)	83	247	155	56	179	12	0	0	0	74.01	3.34	66.67
MO_005.bin.6	c__Alphaproteobacteria (UID3305)	564	349	230	225	120	4	0	0	0	33.71	1.09	0.00
MO_005.bin.7	k__Bacteria (UID203)	5449	104	58	90	14	0	0	0	0	15.83	0.00	0.00
MO_005.bin.8	f__Rhodobacteraceae (UID3356)	67	617	330	262	345	10	0	0	0	58.52	1.40	20.00
MO_005.bin.9	f__Rhodobacteraceae (UID3356)	67	617	330	12	602	3	0	0	0	96.81	0.31	33.33
MO_007.bin.1	root (UID1)	5656	56	24	56	0	0	0	0	0	0.00	0.00	0.00
MO_007.bin.10	c__Deltaproteobacteria (UID3216)	83	247	155	17	227	3	0	0	0	89.68	1.45	33.33
MO_007.bin.11	root (UID1)	5656	56	24	56	0	0	0	0	0	0.00	0.00	0.00
MO_007.bin.12	root (UID1)	5656	56	24	55	1	0	0	0	0	4.17	0.00	0.00
MO_007.bin.13	k__Bacteria (UID203)	5449	103	57	94	9	0	0	0	0	14.04	0.00	0.00
MO_007.bin.14	c__Deltaproteobacteria (UID3216)	83	247	155	183	63	1	0	0	0	26.41	0.65	100.00
MO_007.bin.2	root (UID1)	5656	56	24	56	0	0	0	0	0	0.00	0.00	0.00
MO_007.bin.3	c__Gammaproteobacteria (UID4267)	119	544	284	238	298	8	0	0	0	51.57	1.29	12.50
MO_007.bin.4	k__Archaea (UID2)	207	149	107	107	35	3	3	1	0	22.92	4.57	0.00
MO_007.bin.5	c__Gammaproteobacteria (UID4267)	119	544	284	313	230	1	0	0	0	41.69	0.35	100.00
MO_007.bin.6	root (UID1)	5656	56	24	56	0	0	0	0	0	0.00	0.00	0.00
MO_007.bin.7	c__Alphaproteobacteria (UID3305)	564	349	230	196	149	4	0	0	0	48.30	1.23	25.00
MO_007.bin.8	k__Bacteria (UID203)	5449	103	57	83	20	0	0	0	0	19.38	0.00	0.00
MO_007.bin.9	k__Bacteria (UID203)	5449	104	58	95	9	0	0	0	0	15.52	0.00	0.00
MO_010.bin.1	c__Deltaproteobacteria (UID3216)	83	247	155	109	134	4	0	0	0	58.69	1.08	50.00
MO_010.bin.2	k__Archaea (UID2)	207	149	107	70	55	14	7	3	0	45.57	14.62	7.55
MO_010.bin.3	c__Deltaproteobacteria (UID3216)	83	247	155	25	222	0	0	0	0	86.13	0.00	0.00
MO_010.bin.4	k__Archaea (UID2)	207	149	107	52	63	26	5	1	2	60.21	30.51	8.33
MO_010.bin.5	k__Bacteria (UID203)	5449	104	58	93	11	0	0	0	0	17.24	0.00	0.00
MO_010.bin.6	c__Alphaproteobacteria (UID3305)	564	349	230	173	167	9	0	0	0	51.37	2.93	55.56
MO_010.bin.7	k__Bacteria (UID203)	5449	103	57	93	10	0	0	0	0	14.04	0.00	0.00
MO_010.bin.8	c__Alphaproteobacteria (UID3305)	564	349	230	285	64	0	0	0	0	16.60	0.00	0.00
MO_034.bin.1	k__Bacteria (UID2570)	433	274	183	59	215	0	0	0	0	71.48	0.00	0.00
MO_034.bin.10	root (UID1)	5656	56	24	56	0	0	0	0	0	0.00	0.00	0.00
MO_034.bin.11	k__Bacteria (UID203)	5449	104	58	69	35	0	0	0	0	48.56	0.00	0.00
MO_034.bin.12	c__Alphaproteobacteria (UID3305)	564	349	230	230	118	1	0	0	0	31.77	0.01	100.00
MO_034.bin.2	root (UID1)	5656	56	24	56	0	0	0	0	0	0.00	0.00	0.00
MO_034.bin.3	k__Archaea (UID2)	207	149	107	141	8	0	0	0	0	0.58	0.00	0.00
MO_034.bin.4	k__Bacteria (UID1453)	901	171	117	93	78	0	0	0	0	38.51	0.00	0.00
MO_034.bin.5	p__Cyanobacteria (UID2192)	79	584	458	454	130	0	0	0	0	20.29	0.00	0.00
MO_034.bin.6	k__Bacteria (UID1453)	901	171	117	46	121	3	1	0	0	69.85	3.09	16.67
MO_034.bin.7	root (UID1)	5656	56	24	55	1	0	0	0	0	4.17	0.00	0.00
MO_034.bin.8	k__Bacteria (UID203)	5449	104	58	100	4	0	0	0	0	5.17	0.00	0.00
MO_034.bin.9	c__Deltaproteobacteria (UID3216)	83	247	155	16	230	1	0	0	0	91.61	0.16	0.00
MO_035.bin.1	k__Bacteria (UID203)	5449	104	58	94	10	0	0	0	0	10.34	0.00	0.00
MO_035.bin.10	k__Bacteria (UID203)	5449	104	58	73	30	1	0	0	0	24.45	1.72	100.00
MO_035.bin.11	k__Bacteria (UID1453)	901	171	117	81	76	14	0	0	0	60.68	8.97	28.57
MO_035.bin.12	k__Bacteria (UID1453)	901	171	117	126	45	0	0	0	0	18.52	0.00	0.00
MO_035.bin.13	k__Bacteria (UID1453)	901	171	117	28	138	4	0	1	0	85.57	5.56	10.00
MO_035.bin.14	p__Cyanobacteria (UID2192)	79	584	458	312	267	5	0	0	0	41.27	0.56	80.00
MO_035.bin.15	k__Bacteria (UID2570)	433	274	183	88	185	1	0	0	0	62.86	0.05	0.00
MO_035.bin.16	k__Bacteria (UID2565)	2921	143	88	15	124	4	0	0	0	88.22	3.41	0.00
MO_035.bin.17	p__Proteobacteria (UID3882)	1493	261	164	22	231	8	0	0	0	89.81	3.08	25.00
MO_035.bin.18	k__Bacteria (UID203)	5449	102	56	73	29	0	0	0	0	34.33	0.00	0.00
MO_035.bin.19	root (UID1)	5656	56	24	56	0	0	0	0	0	0.00	0.00	0.00
MO_035.bin.2	f__Rhodobacteraceae (UID3356)	67	617	330	15	596	6	0	0	0	97.06	1.12	66.67
MO_035.bin.20	k__Bacteria (UID203)	5449	104	58	97	7	0	0	0	0	9.48	0.00	0.00
MO_035.bin.21	k__Bacteria (UID203)	5449	104	58	95	9	0	0	0	0	11.90	0.00	0.00
MO_035.bin.22	o__Rhizobiales (UID3642)	107	485	316	17	467	1	0	0	0	95.72	0.32	0.00
MO_035.bin.23	root (UID1)	5656	56	24	56	0	0	0	0	0	0.00	0.00	0.00
MO_035.bin.24	k__Archaea (UID2)	207	149	107	136	13	0	0	0	0	2.04	0.00	0.00
MO_035.bin.25	f__Rhodobacteraceae (UID3356)	67	617	330	20	595	2	0	0	0	97.68	0.45	0.00
MO_035.bin.26	c__Gammaproteobacteria (UID4274)	112	581	290	47	407	116	11	0	0	91.12	27.28	24.83
MO_035.bin.27	root (UID1)	5656	56	24	56	0	0	0	0	0	0.00	0.00	0.00
MO_035.bin.28	k__Bacteria (UID203)	5449	104	58	95	9	0	0	0	0	10.34	0.00	0.00
MO_035.bin.29	k__Bacteria (UID1453)	901	171	117	78	73	19	1	0	0	53.28	13.60	54.55
MO_035.bin.3	f__Rhodobacteraceae (UID3356)	67	617	330	450	161	6	0	0	0	26.84	0.36	0.00
MO_035.bin.30	k__Bacteria (UID1453)	901	171	117	9	158	3	1	0	0	95.73	3.21	16.67
MO_035.bin.31	f__Rhodobacteraceae (UID3356)	67	617	330	359	257	1	0	0	0	37.98	0.30	0.00
MO_035.bin.4	k__Bacteria (UID2565)	2921	143	88	7	133	2	0	1	0	93.18	5.68	25.00
MO_035.bin.5	k__Bacteria (UID203)	5449	104	58	87	17	0	0	0	0	20.69	0.00	0.00
MO_035.bin.6	k__Bacteria (UID1452)	924	161	108	88	72	1	0	0	0	44.29	0.93	100.00
MO_035.bin.7	root (UID1)	5656	56	24	56	0	0	0	0	0	0.00	0.00	0.00
MO_035.bin.8	c__Gammaproteobacteria (UID4274)	112	581	290	453	128	0	0	0	0	19.85	0.00	0.00
MO_035.bin.9	f__Rhodobacteraceae (UID3356)	67	617	330	202	412	3	0	0	0	66.92	0.20	33.33
MO_039.bin.1	root (UID1)	5656	56	24	56	0	0	0	0	0	0.00	0.00	0.00
MO_039.bin.2	root (UID1)	5656	56	24	56	0	0	0	0	0	0.00	0.00	0.00
MO_039.bin.3	k__Archaea (UID2)	207	149	107	141	8	0	0	0	0	0.58	0.00	0.00
MO_039.bin.4	root (UID1)	5656	56	24	56	0	0	0	0	0	0.00	0.00	0.00
MO_039.bin.5	o__Rhizobiales (UID3447)	356	416	249	231	183	2	0	0	0	47.29	0.60	50.00
MO_039.bin.6	k__Archaea (UID2)	207	149	107	142	7	0	0	0	0	5.21	0.00	0.00
MO_039.bin.7	k__Archaea (UID2)	207	149	107	128	20	1	0	0	0	12.30	0.47	0.00
MO_042.bin.1	k__Bacteria (UID203)	5449	103	57	101	2	0	0	0	0	1.91	0.00	0.00
MO_042.bin.2	root (UID1)	5656	56	24	56	0	0	0	0	0	0.00	0.00	0.00
MO_042.bin.3	root (UID1)	5656	56	24	56	0	0	0	0	0	0.00	0.00	0.00
MO_046.bin.1	p__Cyanobacteria (UID2192)	79	584	458	374	205	5	0	0	0	31.23	1.09	0.00
MO_046.bin.10	k__Bacteria (UID1453)	901	171	117	102	68	1	0	0	0	39.65	0.85	0.00
MO_046.bin.11	p__Cyanobacteria (UID2192)	79	584	458	534	50	0	0	0	0	5.34	0.00	0.00
MO_046.bin.12	c__Deltaproteobacteria (UID3216)	83	247	155	104	141	2	0	0	0	60.78	0.81	0.00
MO_046.bin.13	k__Bacteria (UID203)	5449	102	56	77	25	0	0	0	0	22.08	0.00	0.00
MO_046.bin.2	k__Bacteria (UID2570)	433	274	183	93	180	1	0	0	0	61.20	0.27	0.00
MO_046.bin.3	c__Gammaproteobacteria (UID4267)	119	544	284	298	244	2	0	0	0	40.42	0.53	50.00
MO_046.bin.4	k__Bacteria (UID203)	5449	104	58	96	8	0	0	0	0	12.07	0.00	0.00
MO_046.bin.5	k__Bacteria (UID203)	5449	104	58	87	17	0	0	0	0	24.14	0.00	0.00
MO_046.bin.6	c__Deltaproteobacteria (UID3216)	83	247	155	8	237	2	0	0	0	94.84	0.81	0.00
MO_046.bin.7	c__Deltaproteobacteria (UID3216)	83	247	155	160	86	1	0	0	0	28.41	0.22	0.00
MO_046.bin.8	p__Cyanobacteria (UID2192)	79	584	458	206	374	4	0	0	0	63.38	0.44	0.00
MO_046.bin.9	c__Alphaproteobacteria (UID3305)	564	349	230	107	239	3	0	0	0	67.70	1.09	66.67
MO_071.bin.1	c__Deltaproteobacteria (UID3216)	83	247	155	20	224	3	0	0	0	90.97	1.02	0.00
MO_071.bin.10	k__Bacteria (UID203)	5449	104	58	72	27	5	0	0	0	42.07	6.90	20.00
MO_071.bin.11	k__Bacteria (UID203)	5449	102	56	98	4	0	0	0	0	7.14	0.00	0.00
MO_071.bin.12	c__Deltaproteobacteria (UID3216)	83	247	155	26	219	2	0	0	0	89.64	0.81	50.00
MO_071.bin.13	c__Deltaproteobacteria (UID3216)	83	247	155	94	151	2	0	0	0	60.65	0.67	50.00
MO_071.bin.14	p__Cyanobacteria (UID2189)	82	579	450	348	229	2	0	0	0	34.89	0.30	0.00
MO_071.bin.15	c__Alphaproteobacteria (UID3305)	564	349	230	57	280	12	0	0	0	86.49	4.57	8.33
MO_071.bin.16	c__Gammaproteobacteria (UID4267)	119	544	284	284	250	10	0	0	0	51.76	2.11	0.00
MO_071.bin.17	c__Alphaproteobacteria (UID3305)	564	349	230	62	263	24	0	0	0	79.91	7.99	75.00
MO_071.bin.18	c__Gammaproteobacteria (UID4267)	119	544	284	78	439	26	1	0	0	82.89	6.38	31.03
MO_071.bin.19	root (UID1)	5656	56	24	54	2	0	0	0	0	8.33	0.00	0.00
MO_071.bin.2	f__Rhodobacteraceae (UID3340)	84	568	330	469	99	0	0	0	0	16.18	0.00	0.00
MO_071.bin.20	s__algicola (UID2846)	47	571	303	330	239	2	0	0	0	39.56	0.50	50.00
MO_071.bin.21	root (UID1)	5656	56	24	55	1	0	0	0	0	4.17	0.00	0.00
MO_071.bin.22	k__Bacteria (UID203)	5449	104	58	92	12	0	0	0	0	17.40	0.00	0.00
MO_071.bin.23	k__Bacteria (UID203)	5449	104	58	15	71	18	0	0	0	84.01	5.80	0.00
MO_071.bin.24	k__Bacteria (UID203)	5449	102	56	88	14	0	0	0	0	11.04	0.00	0.00
MO_071.bin.25	k__Bacteria (UID203)	5449	102	56	96	6	0	0	0	0	8.93	0.00	0.00
MO_071.bin.26	root (UID1)	5656	56	24	56	0	0	0	0	0	0.00	0.00	0.00
MO_071.bin.27	k__Bacteria (UID203)	5449	104	58	102	2	0	0	0	0	3.45	0.00	0.00
MO_071.bin.28	c__Deltaproteobacteria (UID3216)	83	247	155	79	158	10	0	0	0	63.89	4.52	40.00
MO_071.bin.29	k__Bacteria (UID203)	5449	104	58	103	1	0	0	0	0	1.72	0.00	0.00
MO_071.bin.3	root (UID1)	5656	56	24	56	0	0	0	0	0	0.00	0.00	0.00
MO_071.bin.30	c__Gammaproteobacteria (UID4267)	119	544	284	168	351	24	1	0	0	68.07	4.90	37.04
MO_071.bin.31	root (UID1)	5656	56	24	53	3	0	0	0	0	12.50	0.00	0.00
MO_071.bin.4	k__Bacteria (UID203)	5449	104	58	94	8	2	0	0	0	13.79	1.72	0.00
MO_071.bin.5	k__Bacteria (UID203)	5449	102	56	93	9	0	0	0	0	2.92	0.00	0.00
MO_071.bin.6	c__Gammaproteobacteria (UID4267)	119	544	284	408	136	0	0	0	0	21.82	0.00	0.00
MO_071.bin.7	s__algicola (UID2846)	47	571	303	325	244	2	0	0	0	41.44	0.44	0.00
MO_071.bin.8	c__Deltaproteobacteria (UID3216)	83	247	155	55	179	13	0	0	0	70.41	4.94	61.54
MO_071.bin.9	c__Gammaproteobacteria (UID4267)	119	544	284	109	399	33	3	0	0	81.79	6.55	9.52
MO_073.bin.1	c__Deltaproteobacteria (UID3216)	83	247	155	38	206	3	0	0	0	80.94	1.02	0.00
MO_073.bin.10	p__Cyanobacteria (UID2192)	79	584	458	209	359	16	0	0	0	59.81	2.87	68.75
MO_073.bin.11	c__Alphaproteobacteria (UID3305)	564	349	230	242	107	0	0	0	0	26.29	0.00	0.00
MO_073.bin.12	k__Bacteria (UID203)	5449	104	58	95	9	0	0	0	0	12.07	0.00	0.00
MO_073.bin.13	c__Deltaproteobacteria (UID3216)	83	247	155	107	139	1	0	0	0	43.92	0.04	0.00
MO_073.bin.14	root (UID1)	5656	56	24	56	0	0	0	0	0	0.00	0.00	0.00
MO_073.bin.15	k__Bacteria (UID203)	5449	104	58	100	4	0	0	0	0	6.90	0.00	0.00
MO_073.bin.16	c__Gammaproteobacteria (UID4267)	119	544	284	276	259	9	0	0	0	45.87	1.26	0.00
MO_073.bin.17	k__Bacteria (UID203)	5449	104	58	83	21	0	0	0	0	25.29	0.00	0.00
MO_073.bin.2	k__Bacteria (UID203)	5449	104	58	92	12	0	0	0	0	18.97	0.00	0.00
MO_073.bin.3	c__Deltaproteobacteria (UID3216)	83	247	155	162	85	0	0	0	0	32.33	0.00	0.00
MO_073.bin.4	c__Alphaproteobacteria (UID3305)	564	349	230	146	194	9	0	0	0	56.02	2.39	44.44
MO_073.bin.5	k__Bacteria (UID203)	5449	104	58	98	6	0	0	0	0	2.51	0.00	0.00
MO_073.bin.6	p__Cyanobacteria (UID2192)	79	584	458	491	91	2	0	0	0	12.52	0.22	0.00
MO_073.bin.7	c__Deltaproteobacteria (UID3216)	83	247	155	19	223	5	0	0	0	89.68	1.49	20.00
MO_073.bin.8	k__Archaea (UID2)	207	149	107	141	8	0	0	0	0	0.58	0.00	0.00
MO_073.bin.9	c__Deltaproteobacteria (UID3216)	83	247	155	121	113	13	0	0	0	52.25	4.30	76.92
MO_074.bin.1	c__Gammaproteobacteria (UID4267)	119	544	284	90	436	17	1	0	0	84.00	3.81	0.00
MO_074.bin.10	k__Bacteria (UID203)	5449	104	58	3	88	13	0	0	0	94.83	2.04	69.23
MO_074.bin.11	c__Gammaproteobacteria (UID4267)	119	544	284	252	283	9	0	0	0	51.42	1.64	33.33
MO_074.bin.12	root (UID1)	5656	56	24	55	1	0	0	0	0	4.17	0.00	0.00
MO_074.bin.13	c__Gammaproteobacteria (UID4274)	112	581	290	283	291	7	0	0	0	48.21	0.83	28.57
MO_074.bin.14	c__Alphaproteobacteria (UID3305)	564	349	230	182	163	2	2	0	0	49.77	1.74	0.00
MO_074.bin.15	k__Bacteria (UID203)	5449	104	58	68	35	1	0	0	0	52.59	0.86	0.00
MO_074.bin.16	c__Deltaproteobacteria (UID3216)	83	247	155	208	37	2	0	0	0	9.64	1.29	0.00
MO_074.bin.17	c__Alphaproteobacteria (UID3305)	564	349	230	44	295	8	2	0	0	97.48	3.84	0.00
MO_074.bin.18	k__Bacteria (UID203)	5449	104	58	78	26	0	0	0	0	38.10	0.00	0.00
MO_074.bin.19	c__Deltaproteobacteria (UID3216)	83	247	155	215	32	0	0	0	0	12.62	0.00	0.00
MO_074.bin.2	c__Gammaproteobacteria (UID4267)	119	544	284	81	444	17	2	0	0	84.03	3.79	13.04
MO_074.bin.20	s__algicola (UID2846)	47	571	303	214	357	0	0	0	0	55.00	0.00	0.00
MO_074.bin.21	k__Bacteria (UID203)	5449	104	58	94	10	0	0	0	0	13.79	0.00	0.00
MO_074.bin.22	root (UID1)	5656	56	24	56	0	0	0	0	0	0.00	0.00	0.00
MO_074.bin.23	k__Bacteria (UID203)	5449	104	58	47	51	6	0	0	0	84.48	8.62	33.33
MO_074.bin.24	c__Gammaproteobacteria (UID4267)	119	544	284	207	330	7	0	0	0	61.68	1.35	14.29
MO_074.bin.25	c__Deltaproteobacteria (UID3216)	83	247	155	87	158	2	0	0	0	60.50	0.32	100.00
MO_074.bin.26	k__Bacteria (UID3187)	2258	188	117	52	126	10	0	0	0	67.45	6.94	20.00
MO_074.bin.27	k__Bacteria (UID203)	5449	104	58	95	9	0	0	0	0	14.66	0.00	0.00
MO_074.bin.3	c__Alphaproteobacteria (UID3305)	564	349	230	20	312	16	1	0	0	91.96	7.17	10.53
MO_074.bin.4	c__Alphaproteobacteria (UID3305)	564	349	230	116	220	13	0	0	0	63.67	4.28	30.77
MO_074.bin.5	k__Bacteria (UID1453)	901	171	117	92	78	1	0	0	0	40.17	0.85	0.00
MO_074.bin.6	c__Deltaproteobacteria (UID3216)	83	247	155	62	184	1	0	0	0	69.49	0.16	0.00
MO_074.bin.7	root (UID1)	5656	56	24	54	2	0	0	0	0	8.33	0.00	0.00
MO_074.bin.8	c__Alphaproteobacteria (UID3305)	564	349	230	71	260	17	1	0	0	77.09	7.61	5.00
MO_074.bin.9	c__Gammaproteobacteria (UID4444)	263	506	232	71	427	8	0	0	0	81.36	1.77	12.50
MO_077.bin.1	c__Gammaproteobacteria (UID4267)	119	544	284	154	364	24	2	0	0	72.72	5.77	6.67
MO_077.bin.10	k__Bacteria (UID203)	5449	104	58	93	11	0	0	0	0	17.24	0.00	0.00
MO_077.bin.11	c__Gammaproteobacteria (UID4274)	112	581	290	493	88	0	0	0	0	10.49	0.00	0.00
MO_077.bin.12	k__Bacteria (UID203)	5449	102	56	87	15	0	0	0	0	20.54	0.00	0.00
MO_077.bin.13	k__Bacteria (UID203)	5449	104	58	85	19	0	0	0	0	22.41	0.00	0.00
MO_077.bin.14	f__Rhodobacteraceae (UID3356)	67	617	330	119	494	4	0	0	0	81.82	0.68	25.00
MO_077.bin.15	c__Deltaproteobacteria (UID3216)	83	247	155	68	176	3	0	0	0	66.67	1.51	33.33
MO_077.bin.16	c__Alphaproteobacteria (UID3305)	564	349	230	48	248	49	4	0	0	86.45	18.13	70.49
MO_077.bin.17	k__Bacteria (UID203)	5449	104	58	95	9	0	0	0	0	12.07	0.00	0.00
MO_077.bin.18	c__Deltaproteobacteria (UID3216)	83	247	155	53	175	19	0	0	0	86.34	8.91	52.63
MO_077.bin.19	k__Bacteria (UID203)	5449	104	58	101	3	0	0	0	0	5.17	0.00	0.00
MO_077.bin.2	root (UID1)	5656	56	24	54	2	0	0	0	0	8.33	0.00	0.00
MO_077.bin.20	c__Gammaproteobacteria (UID4267)	119	544	284	363	181	0	0	0	0	34.96	0.00	0.00
MO_077.bin.21	k__Bacteria (UID203)	5449	104	58	100	4	0	0	0	0	5.17	0.00	0.00
MO_077.bin.22	c__Deltaproteobacteria (UID3216)	83	247	155	82	158	7	0	0	0	63.14	2.60	28.57
MO_077.bin.23	k__Bacteria (UID203)	5449	104	58	66	38	0	0	0	0	45.45	0.00	0.00
MO_077.bin.24	c__Deltaproteobacteria (UID3216)	83	247	155	12	232	3	0	0	0	92.26	1.45	0.00
MO_077.bin.25	k__Bacteria (UID203)	5449	104	58	95	9	0	0	0	0	15.52	0.00	0.00
MO_077.bin.26	c__Gammaproteobacteria (UID4267)	119	544	284	86	418	39	1	0	0	82.35	7.16	54.76
MO_077.bin.27	c__Deltaproteobacteria (UID3216)	83	247	155	175	71	1	0	0	0	26.70	0.65	0.00
MO_077.bin.28	root (UID1)	5656	56	24	54	2	0	0	0	0	2.08	0.00	0.00
MO_077.bin.29	k__Bacteria (UID203)	5449	104	58	94	10	0	0	0	0	15.52	0.00	0.00
MO_077.bin.3	c__Deltaproteobacteria (UID3216)	83	247	155	177	69	1	0	0	0	25.61	0.32	0.00
MO_077.bin.30	c__Gammaproteobacteria (UID4274)	112	581	290	146	419	15	1	0	0	73.84	2.68	0.00
MO_077.bin.4	root (UID1)	5656	56	24	55	1	0	0	0	0	4.17	0.00	0.00
MO_077.bin.5	c__Gammaproteobacteria (UID4274)	112	581	290	541	40	0	0	0	0	6.06	0.00	0.00
MO_077.bin.6	c__Gammaproteobacteria (UID4201)	1164	275	174	192	79	4	0	0	0	31.11	0.99	0.00
MO_077.bin.7	c__Alphaproteobacteria (UID3305)	564	349	230	14	317	15	3	0	0	96.16	6.68	16.67
MO_077.bin.8	k__Bacteria (UID1453)	901	171	117	117	52	2	0	0	0	32.28	1.28	0.00
MO_077.bin.9	c__Deltaproteobacteria (UID3216)	83	247	155	18	224	5	0	0	0	90.00	1.27	20.00
MO_082.bin.1	c__Deltaproteobacteria (UID3216)	83	247	155	210	37	0	0	0	0	10.66	0.00	0.00
MO_082.bin.10	c__Gammaproteobacteria (UID4267)	119	544	284	333	206	5	0	0	0	36.82	1.41	0.00
MO_082.bin.11	k__Bacteria (UID203)	5449	103	57	89	14	0	0	0	0	16.43	0.00	0.00
MO_082.bin.12	k__Bacteria (UID203)	5449	104	58	95	9	0	0	0	0	13.79	0.00	0.00
MO_082.bin.13	k__Bacteria (UID203)	5449	102	56	85	17	0	0	0	0	12.72	0.00	0.00
MO_082.bin.14	k__Bacteria (UID203)	5449	104	58	86	18	0	0	0	0	14.23	0.00	0.00
MO_082.bin.15	root (UID1)	5656	56	24	56	0	0	0	0	0	0.00	0.00	0.00
MO_082.bin.16	c__Deltaproteobacteria (UID3216)	83	247	155	12	234	1	0	0	0	92.69	0.16	0.00
MO_082.bin.17	c__Deltaproteobacteria (UID3216)	83	247	155	166	75	6	0	0	0	33.99	3.23	50.00
MO_082.bin.18	c__Deltaproteobacteria (UID3216)	83	247	155	34	202	10	1	0	0	84.84	3.76	23.08
MO_082.bin.19	c__Deltaproteobacteria (UID3216)	83	247	155	64	174	9	0	0	0	77.00	2.95	66.67
MO_082.bin.2	k__Bacteria (UID203)	5449	104	58	90	14	0	0	0	0	8.15	0.00	0.00
MO_082.bin.20	k__Bacteria (UID203)	5449	104	58	76	28	0	0	0	0	43.10	0.00	0.00
MO_082.bin.21	c__Deltaproteobacteria (UID3216)	83	247	155	120	120	7	0	0	0	50.24	3.44	71.43
MO_082.bin.22	k__Bacteria (UID203)	5449	102	56	13	71	18	0	0	0	89.55	7.79	88.89
MO_082.bin.23	k__Bacteria (UID1453)	901	171	117	91	80	0	0	0	0	33.48	0.00	0.00
MO_082.bin.24	c__Alphaproteobacteria (UID3305)	564	349	230	209	139	1	0	0	0	36.65	0.43	0.00
MO_082.bin.25	c__Gammaproteobacteria (UID4267)	119	544	284	94	396	51	3	0	0	80.33	10.56	55.00
MO_082.bin.26	k__Bacteria (UID203)	5449	103	57	4	77	22	0	0	0	92.98	9.01	18.18
MO_082.bin.27	k__Bacteria (UID203)	5449	104	58	79	24	1	0	0	0	35.50	1.72	0.00
MO_082.bin.28	c__Alphaproteobacteria (UID3305)	564	349	230	65	262	21	1	0	0	83.04	7.41	33.33
MO_082.bin.29	k__Bacteria (UID203)	5449	104	58	87	17	0	0	0	0	22.57	0.00	0.00
MO_082.bin.3	root (UID1)	5656	56	24	56	0	0	0	0	0	0.00	0.00	0.00
MO_082.bin.30	c__Deltaproteobacteria (UID3216)	83	247	155	199	45	3	0	0	0	18.89	1.94	0.00
MO_082.bin.31	c__Gammaproteobacteria (UID4267)	119	544	284	457	87	0	0	0	0	10.26	0.00	0.00
MO_082.bin.32	c__Alphaproteobacteria (UID3305)	564	349	230	143	195	11	0	0	0	60.88	1.19	27.27
MO_082.bin.33	c__Alphaproteobacteria (UID3305)	564	349	230	37	248	62	2	0	0	90.40	20.90	77.94
MO_082.bin.34	root (UID1)	5656	56	24	56	0	0	0	0	0	0.00	0.00	0.00
MO_082.bin.35	c__Gammaproteobacteria (UID4274)	112	581	290	413	165	3	0	0	0	25.78	0.57	0.00
MO_082.bin.36	k__Bacteria (UID1452)	924	163	110	113	49	1	0	0	0	30.45	0.91	0.00
MO_082.bin.37	k__Bacteria (UID203)	5449	104	58	96	8	0	0	0	0	12.93	0.00	0.00
MO_082.bin.38	c__Gammaproteobacteria (UID4267)	119	544	284	466	78	0	0	0	0	11.85	0.00	0.00
MO_082.bin.39	root (UID1)	5656	56	24	56	0	0	0	0	0	0.00	0.00	0.00
MO_082.bin.4	root (UID1)	5656	56	24	56	0	0	0	0	0	0.00	0.00	0.00
MO_082.bin.5	k__Bacteria (UID203)	5449	104	58	95	9	0	0	0	0	15.52	0.00	0.00
MO_082.bin.6	k__Bacteria (UID203)	5449	104	58	97	7	0	0	0	0	10.34	0.00	0.00
MO_082.bin.7	k__Bacteria (UID203)	5449	103	58	99	4	0	0	0	0	6.90	0.00	0.00
MO_082.bin.8	root (UID1)	5656	56	24	56	0	0	0	0	0	0.00	0.00	0.00
MO_082.bin.9	c__Deltaproteobacteria (UID3216)	83	247	155	30	211	5	1	0	0	87.33	3.71	25.00
MO_098.bin.1	c__Deltaproteobacteria (UID3216)	83	247	155	227	20	0	0	0	0	4.79	0.00	0.00
MO_098.bin.10	root (UID1)	5656	56	24	54	2	0	0	0	0	8.33	0.00	0.00
MO_098.bin.11	p__Cyanobacteria (UID2192)	79	584	458	293	290	1	0	0	0	46.00	0.22	0.00
MO_098.bin.12	c__Gammaproteobacteria (UID4267)	119	544	284	462	81	1	0	0	0	12.41	0.09	0.00
MO_098.bin.13	c__Deltaproteobacteria (UID3216)	83	247	155	41	203	3	0	0	0	80.81	1.02	0.00
MO_098.bin.14	root (UID1)	5656	56	24	56	0	0	0	0	0	0.00	0.00	0.00
MO_098.bin.15	root (UID1)	5656	56	24	56	0	0	0	0	0	0.00	0.00	0.00
MO_098.bin.16	c__Alphaproteobacteria (UID3305)	564	349	230	190	156	3	0	0	0	45.59	1.09	0.00
MO_098.bin.17	k__Bacteria (UID203)	5449	103	57	75	28	0	0	0	0	33.65	0.00	0.00
MO_098.bin.18	k__Bacteria (UID203)	5449	104	58	72	32	0	0	0	0	44.83	0.00	0.00
MO_098.bin.19	c__Deltaproteobacteria (UID3216)	83	247	155	43	201	3	0	0	0	84.75	0.97	33.33
MO_098.bin.2	k__Bacteria (UID203)	5449	103	57	93	10	0	0	0	0	15.07	0.00	0.00
MO_098.bin.20	k__Bacteria (UID203)	5449	104	58	98	6	0	0	0	0	8.62	0.00	0.00
MO_098.bin.21	p__Cyanobacteria (UID2192)	79	584	458	412	171	1	0	0	0	26.13	0.22	0.00
MO_098.bin.22	k__Bacteria (UID203)	5449	104	58	97	7	0	0	0	0	8.62	0.00	0.00
MO_098.bin.23	c__Gammaproteobacteria (UID4267)	119	544	284	309	232	3	0	0	0	41.58	0.37	100.00
MO_098.bin.3	c__Gammaproteobacteria (UID4267)	119	544	284	289	235	20	0	0	0	41.62	3.96	55.00
MO_098.bin.4	s__algicola (UID2846)	47	571	303	497	74	0	0	0	0	10.44	0.00	0.00
MO_098.bin.5	k__Bacteria (UID203)	5449	104	58	102	2	0	0	0	0	1.72	0.00	0.00
MO_098.bin.6	c__Alphaproteobacteria (UID3305)	564	349	230	81	261	7	0	0	0	74.89	2.32	14.29
MO_098.bin.7	root (UID1)	5656	56	24	54	2	0	0	0	0	8.33	0.00	0.00
MO_098.bin.8	k__Bacteria (UID203)	5449	104	58	69	34	1	0	0	0	51.44	0.86	100.00
MO_098.bin.9	c__Deltaproteobacteria (UID3216)	83	247	155	157	88	2	0	0	0	33.10	1.29	0.00
MO_102.bin.1	c__Gammaproteobacteria (UID4267)	119	544	284	250	218	68	6	2	0	57.25	16.47	65.31
MO_102.bin.10	c__Gammaproteobacteria (UID4267)	119	544	284	305	236	3	0	0	0	43.36	0.88	0.00
MO_102.bin.11	k__Bacteria (UID203)	5449	104	58	86	18	0	0	0	0	15.91	0.00	0.00
MO_102.bin.12	c__Deltaproteobacteria (UID3216)	83	247	155	29	215	3	0	0	0	83.55	0.97	0.00
MO_102.bin.13	k__Bacteria (UID203)	5449	103	57	85	18	0	0	0	0	18.34	0.00	0.00
MO_102.bin.14	p__Cyanobacteria (UID2189)	82	579	450	425	153	1	0	0	0	25.13	0.03	100.00
MO_102.bin.15	s__algicola (UID2846)	47	571	303	512	59	0	0	0	0	6.44	0.00	0.00
MO_102.bin.16	k__Bacteria (UID203)	5449	104	58	90	14	0	0	0	0	15.67	0.00	0.00
MO_102.bin.17	k__Bacteria (UID203)	5449	103	57	78	25	0	0	0	0	23.57	0.00	0.00
MO_102.bin.2	root (UID1)	5656	56	24	56	0	0	0	0	0	0.00	0.00	0.00
MO_102.bin.3	root (UID1)	5656	56	24	56	0	0	0	0	0	0.00	0.00	0.00
MO_102.bin.4	p__Cyanobacteria (UID2192)	79	584	458	346	235	3	0	0	0	36.18	0.46	33.33
MO_102.bin.5	k__Bacteria (UID203)	5449	104	58	98	6	0	0	0	0	6.90	0.00	0.00
MO_102.bin.6	k__Bacteria (UID1453)	901	171	117	88	78	4	1	0	0	51.52	4.70	0.00
MO_102.bin.7	c__Alphaproteobacteria (UID3305)	564	349	230	124	219	5	1	0	0	67.83	1.68	12.50
MO_102.bin.8	c__Deltaproteobacteria (UID3216)	83	247	155	41	204	2	0	0	0	81.80	0.38	0.00
MO_102.bin.9	k__Bacteria (UID203)	5449	104	58	87	17	0	0	0	0	15.05	0.00	0.00
MO_103.bin.1	c__Alphaproteobacteria (UID3305)	564	349	230	243	105	1	0	0	0	23.84	0.43	0.00
MO_103.bin.10	s__algicola (UID2846)	47	571	303	240	327	4	0	0	0	57.11	1.16	0.00
MO_103.bin.11	k__Bacteria (UID203)	5449	103	58	100	3	0	0	0	0	3.45	0.00	0.00
MO_103.bin.12	c__Gammaproteobacteria (UID4274)	112	581	290	373	205	2	1	0	0	34.00	0.75	20.00
MO_103.bin.13	k__Bacteria (UID203)	5449	104	58	78	26	0	0	0	0	29.64	0.00	0.00
MO_103.bin.14	k__Bacteria (UID203)	5449	103	58	93	10	0	0	0	0	3.32	0.00	0.00
MO_103.bin.15	c__Gammaproteobacteria (UID4274)	112	577	287	107	457	12	1	0	0	82.03	2.78	0.00
MO_103.bin.16	s__algicola (UID2846)	47	571	303	427	144	0	0	0	0	23.44	0.00	0.00
MO_103.bin.17	c__Deltaproteobacteria (UID3216)	83	247	155	155	92	0	0	0	0	34.67	0.00	0.00
MO_103.bin.18	c__Gammaproteobacteria (UID4274)	112	581	290	130	439	10	2	0	0	78.89	2.18	6.25
MO_103.bin.19	c__Gammaproteobacteria (UID4274)	112	581	290	329	246	6	0	0	0	40.09	0.86	0.00
MO_103.bin.2	k__Bacteria (UID203)	5449	104	58	101	3	0	0	0	0	5.17	0.00	0.00
MO_103.bin.20	root (UID1)	5656	56	24	56	0	0	0	0	0	0.00	0.00	0.00
MO_103.bin.21	k__Bacteria (UID203)	5449	104	58	78	25	1	0	0	0	22.10	1.72	100.00
MO_103.bin.22	k__Bacteria (UID203)	5449	103	58	100	3	0	0	0	0	5.17	0.00	0.00
MO_103.bin.23	c__Deltaproteobacteria (UID3216)	83	247	155	183	62	2	0	0	0	21.77	1.29	50.00
MO_103.bin.24	k__Bacteria (UID203)	5449	104	58	93	11	0	0	0	0	14.11	0.00	0.00
MO_103.bin.25	k__Bacteria (UID1453)	901	171	117	145	26	0	0	0	0	11.67	0.00	0.00
MO_103.bin.26	c__Gammaproteobacteria (UID4267)	119	544	284	89	445	10	0	0	0	82.41	1.51	40.00
MO_103.bin.3	root (UID1)	5656	56	24	56	0	0	0	0	0	0.00	0.00	0.00
MO_103.bin.4	c__Deltaproteobacteria (UID3216)	83	247	155	191	54	2	0	0	0	11.66	0.67	0.00
MO_103.bin.5	root (UID1)	5656	56	24	55	1	0	0	0	0	4.17	0.00	0.00
MO_103.bin.6	root (UID1)	5656	56	24	56	0	0	0	0	0	0.00	0.00	0.00
MO_103.bin.7	k__Bacteria (UID203)	5449	104	58	67	37	0	0	0	0	52.93	0.00	0.00
MO_103.bin.8	p__Cyanobacteria (UID2192)	79	584	458	176	389	19	0	0	0	67.29	3.14	47.37
MO_103.bin.9	k__Bacteria (UID203)	5449	103	58	86	17	0	0	0	0	11.29	0.00	0.00
MO_106.bin.1	k__Archaea (UID2)	207	145	103	129	15	1	0	0	0	11.24	0.49	0.00
MO_106.bin.2	root (UID1)	5656	56	24	56	0	0	0	0	0	0.00	0.00	0.00
MO_133.bin.1	k__Bacteria (UID203)	5449	104	58	92	12	0	0	0	0	17.24	0.00	0.00
MO_133.bin.10	p__Cyanobacteria (UID2192)	79	584	458	70	510	4	0	0	0	86.48	0.33	100.00
MO_133.bin.11	c__Alphaproteobacteria (UID3305)	564	349	230	52	278	17	2	0	0	85.07	6.74	39.13
MO_133.bin.12	root (UID1)	5656	56	24	56	0	0	0	0	0	0.00	0.00	0.00
MO_133.bin.13	k__Bacteria (UID203)	5449	104	58	78	25	1	0	0	0	32.76	1.72	100.00
MO_133.bin.14	k__Bacteria (UID203)	5449	104	58	99	5	0	0	0	0	7.76	0.00	0.00
MO_133.bin.15	c__Deltaproteobacteria (UID3216)	83	247	155	112	133	2	0	0	0	57.87	1.29	50.00
MO_133.bin.16	root (UID1)	5656	56	24	55	1	0	0	0	0	4.17	0.00	0.00
MO_133.bin.17	c__Deltaproteobacteria (UID3216)	83	247	155	18	225	4	0	0	0	90.32	2.10	50.00
MO_133.bin.18	k__Bacteria (UID203)	5449	104	58	55	49	0	0	0	0	64.97	0.00	0.00
MO_133.bin.19	f__Rhodobacteraceae (UID3361)	46	654	332	455	197	2	0	0	0	32.10	0.20	0.00
MO_133.bin.2	k__Bacteria (UID203)	5449	104	58	92	12	0	0	0	0	14.11	0.00	0.00
MO_133.bin.20	k__Bacteria (UID203)	5449	104	58	0	83	21	0	0	0	100.00	8.25	4.76
MO_133.bin.21	k__Bacteria (UID1453)	901	171	117	97	73	1	0	0	0	36.24	0.85	0.00
MO_133.bin.22	c__Deltaproteobacteria (UID3216)	83	247	155	29	215	3	0	0	0	87.60	1.45	66.67
MO_133.bin.23	k__Bacteria (UID203)	5449	104	58	83	20	1	0	0	0	24.29	1.72	100.00
MO_133.bin.24	root (UID1)	5656	56	24	54	2	0	0	0	0	8.33	0.00	0.00
MO_133.bin.25	k__Bacteria (UID203)	5449	104	58	87	17	0	0	0	0	23.28	0.00	0.00
MO_133.bin.26	c__Gammaproteobacteria (UID4267)	119	544	284	104	419	19	2	0	0	79.67	2.91	16.00
MO_133.bin.27	c__Deltaproteobacteria (UID3216)	83	247	155	51	191	5	0	0	0	73.87	2.74	80.00
MO_133.bin.28	k__Bacteria (UID203)	5449	102	56	14	47	14	16	11	0	78.57	22.97	82.03
MO_133.bin.29	k__Bacteria (UID203)	5449	104	58	73	31	0	0	0	0	46.55	0.00	0.00
MO_133.bin.3	c__Gammaproteobacteria (UID4274)	112	581	290	437	143	1	0	0	0	27.15	0.34	0.00
MO_133.bin.30	k__Bacteria (UID203)	5449	104	58	73	31	0	0	0	0	50.00	0.00	0.00
MO_133.bin.31	k__Bacteria (UID203)	5449	104	58	76	28	0	0	0	0	31.35	0.00	0.00
MO_133.bin.32	k__Bacteria (UID203)	5449	104	58	1	29	39	21	11	3	98.28	165.52	27.27
MO_133.bin.33	k__Bacteria (UID203)	5449	102	56	55	47	0	0	0	0	71.43	0.00	0.00
MO_133.bin.34	k__Bacteria (UID203)	5449	104	58	47	48	9	0	0	0	77.04	14.66	77.78
MO_133.bin.35	root (UID1)	5656	56	24	56	0	0	0	0	0	0.00	0.00	0.00
MO_133.bin.4	s__algicola (UID2846)	47	571	303	193	374	4	0	0	0	66.22	0.62	75.00
MO_133.bin.5	root (UID1)	5656	56	24	55	1	0	0	0	0	4.17	0.00	0.00
MO_133.bin.6	k__Bacteria (UID203)	5449	104	58	68	36	0	0	0	0	53.45	0.00	0.00
MO_133.bin.7	k__Bacteria (UID203)	5449	104	58	79	25	0	0	0	0	31.82	0.00	0.00
MO_133.bin.8	k__Bacteria (UID203)	5449	104	58	85	19	0	0	0	0	22.73	0.00	0.00
MO_133.bin.9	root (UID1)	5656	56	24	56	0	0	0	0	0	0.00	0.00	0.00
MO_135.bin.1	f__Rhodobacteraceae (UID3361)	46	654	332	60	572	21	1	0	0	90.59	4.06	4.17
MO_135.bin.10	root (UID1)	5656	56	24	56	0	0	0	0	0	0.00	0.00	0.00
MO_135.bin.11	f__Rhodobacteraceae (UID3340)	84	568	330	396	165	7	0	0	0	26.40	1.77	0.00
MO_135.bin.12	k__Bacteria (UID203)	5449	103	58	92	11	0	0	0	0	7.21	0.00	0.00
MO_135.bin.13	root (UID1)	5656	56	24	56	0	0	0	0	0	0.00	0.00	0.00
MO_135.bin.14	k__Bacteria (UID3187)	2258	188	117	11	171	5	0	1	0	91.24	4.56	0.00
MO_135.bin.15	c__Deltaproteobacteria (UID3216)	83	247	155	100	143	4	0	0	0	59.55	1.96	25.00
MO_135.bin.2	p__Cyanobacteria (UID2192)	79	584	458	444	139	1	0	0	0	21.48	0.22	0.00
MO_135.bin.3	s__algicola (UID2846)	47	571	303	531	40	0	0	0	0	5.64	0.00	0.00
MO_135.bin.4	p__Cyanobacteria (UID2192)	79	584	458	140	438	6	0	0	0	75.25	1.15	50.00
MO_135.bin.5	k__Archaea (UID2)	207	149	107	102	35	10	0	2	0	27.53	8.09	0.00
MO_135.bin.6	p__Cyanobacteria (UID2192)	79	584	458	304	277	3	0	0	0	51.43	0.55	66.67
MO_135.bin.7	f__Rhodobacteraceae (UID3361)	46	654	332	92	551	11	0	0	0	84.38	2.11	9.09
MO_135.bin.8	k__Archaea (UID2)	207	149	107	103	38	8	0	0	0	29.87	4.83	0.00
MO_135.bin.9	c__Deltaproteobacteria (UID3216)	83	247	155	90	156	1	0	0	0	59.66	0.65	0.00
MO_138.bin.1	root (UID1)	5656	56	24	56	0	0	0	0	0	0.00	0.00	0.00
MO_138.bin.10	k__Bacteria (UID203)	5449	104	58	78	25	1	0	0	0	37.93	1.72	0.00
MO_138.bin.11	k__Bacteria (UID203)	5449	104	58	70	34	0	0	0	0	44.98	0.00	0.00
MO_138.bin.12	k__Bacteria (UID203)	5449	104	58	79	25	0	0	0	0	38.79	0.00	0.00
MO_138.bin.13	c__Deltaproteobacteria (UID3216)	83	247	155	81	165	1	0	0	0	64.24	0.65	0.00
MO_138.bin.14	k__Bacteria (UID203)	5449	104	58	11	75	18	0	0	0	90.53	7.52	0.00
MO_138.bin.15	c__Gammaproteobacteria (UID4267)	119	544	284	90	435	19	0	0	0	80.30	3.22	21.05
MO_138.bin.16	k__Bacteria (UID203)	5449	104	58	87	17	0	0	0	0	25.86	0.00	0.00
MO_138.bin.17	k__Bacteria (UID203)	5449	104	58	90	14	0	0	0	0	20.85	0.00	0.00
MO_138.bin.18	k__Bacteria (UID203)	5449	104	58	94	10	0	0	0	0	6.27	0.00	0.00
MO_138.bin.19	p__Cyanobacteria (UID2192)	79	584	458	115	467	2	0	0	0	79.22	0.44	50.00
MO_138.bin.2	c__Deltaproteobacteria (UID3216)	83	247	155	101	118	27	1	0	0	57.69	6.43	80.00
MO_138.bin.20	c__Alphaproteobacteria (UID3305)	564	349	230	124	215	9	1	0	0	66.54	3.26	33.33
MO_138.bin.21	root (UID1)	5656	56	24	56	0	0	0	0	0	0.00	0.00	0.00
MO_138.bin.22	root (UID1)	5656	56	24	56	0	0	0	0	0	0.00	0.00	0.00
MO_138.bin.23	k__Bacteria (UID203)	5449	104	58	4	38	37	19	6	0	94.83	97.35	31.54
MO_138.bin.24	c__Deltaproteobacteria (UID3216)	83	247	155	29	217	1	0	0	0	86.02	0.16	0.00
MO_138.bin.25	k__Bacteria (UID203)	5449	104	58	98	6	0	0	0	0	8.62	0.00	0.00
MO_138.bin.26	k__Bacteria (UID203)	5449	104	58	100	4	0	0	0	0	6.03	0.00	0.00
MO_138.bin.27	c__Deltaproteobacteria (UID3216)	83	247	155	33	210	4	0	0	0	87.12	1.77	50.00
MO_138.bin.28	k__Bacteria (UID203)	5449	103	57	99	4	0	0	0	0	7.02	0.00	0.00
MO_138.bin.29	k__Bacteria (UID203)	5449	104	58	90	14	0	0	0	0	18.97	0.00	0.00
MO_138.bin.3	k__Bacteria (UID1453)	901	171	117	92	78	1	0	0	0	42.48	0.85	0.00
MO_138.bin.4	root (UID1)	5656	56	24	55	1	0	0	0	0	4.17	0.00	0.00
MO_138.bin.5	k__Bacteria (UID203)	5449	102	56	61	41	0	0	0	0	57.14	0.00	0.00
MO_138.bin.6	k__Bacteria (UID203)	5449	104	58	97	7	0	0	0	0	12.07	0.00	0.00
MO_138.bin.7	k__Bacteria (UID203)	5449	103	57	99	4	0	0	0	0	5.42	0.00	0.00
MO_138.bin.8	c__Alphaproteobacteria (UID3305)	564	349	230	179	164	6	0	0	0	45.87	1.74	66.67
MO_138.bin.9	k__Bacteria (UID203)	5449	104	58	83	21	0	0	0	0	29.31	0.00	0.00
MO_140.bin.1	c__Alphaproteobacteria (UID3305)	564	349	230	219	124	6	0	0	0	39.46	1.96	16.67
MO_140.bin.10	k__Bacteria (UID203)	5449	102	56	84	18	0	0	0	0	26.79	0.00	0.00
MO_140.bin.11	root (UID1)	5656	56	24	56	0	0	0	0	0	0.00	0.00	0.00
MO_140.bin.12	c__Deltaproteobacteria (UID3216)	83	247	155	45	199	3	0	0	0	81.18	0.99	33.33
MO_140.bin.13	k__Bacteria (UID203)	5449	104	58	83	21	0	0	0	0	31.03	0.00	0.00
MO_140.bin.14	c__Deltaproteobacteria (UID3216)	83	247	155	10	235	2	0	0	0	94.19	0.81	0.00
MO_140.bin.15	c__Deltaproteobacteria (UID3216)	83	247	155	47	199	1	0	0	0	77.26	0.65	0.00
MO_140.bin.16	c__Gammaproteobacteria (UID4267)	119	544	284	209	329	6	0	0	0	60.27	1.35	0.00
MO_140.bin.17	k__Bacteria (UID203)	5449	104	58	60	41	3	0	0	0	67.24	5.17	0.00
MO_140.bin.18	c__Gammaproteobacteria (UID4267)	119	544	284	103	414	25	2	0	0	79.99	6.70	12.90
MO_140.bin.19	root (UID1)	5656	56	24	56	0	0	0	0	0	0.00	0.00	0.00
MO_140.bin.2	k__Archaea (UID2)	207	149	107	135	14	0	0	0	0	2.26	0.00	0.00
MO_140.bin.20	k__Bacteria (UID203)	5449	104	58	88	16	0	0	0	0	22.41	0.00	0.00
MO_140.bin.21	p__Cyanobacteria (UID2192)	79	584	458	198	376	10	0	0	0	68.19	2.04	50.00
MO_140.bin.22	c__Alphaproteobacteria (UID3305)	564	349	230	40	270	38	1	0	0	86.88	13.41	56.10
MO_140.bin.23	k__Bacteria (UID203)	5449	104	58	0	2	36	25	28	13	100.00	246.97	49.14
MO_140.bin.24	k__Bacteria (UID3187)	2258	190	119	76	112	2	0	0	0	70.34	0.47	0.00
MO_140.bin.25	k__Bacteria (UID203)	5449	102	56	81	19	2	0	0	0	32.14	1.79	100.00
MO_140.bin.26	c__Alphaproteobacteria (UID3305)	564	349	230	224	125	0	0	0	0	29.56	0.00	0.00
MO_140.bin.27	c__Deltaproteobacteria (UID3216)	83	247	155	28	214	5	0	0	0	85.81	2.74	60.00
MO_140.bin.28	root (UID1)	5656	56	24	56	0	0	0	0	0	0.00	0.00	0.00
MO_140.bin.29	k__Bacteria (UID1453)	901	171	117	18	150	3	0	0	0	86.32	1.57	0.00
MO_140.bin.3	root (UID1)	5656	56	24	56	0	0	0	0	0	0.00	0.00	0.00
MO_140.bin.30	s__algicola (UID2846)	47	571	303	161	405	5	0	0	0	68.97	0.48	80.00
MO_140.bin.31	c__Deltaproteobacteria (UID3216)	83	247	155	58	185	4	0	0	0	72.52	2.15	0.00
MO_140.bin.32	c__Deltaproteobacteria (UID3216)	83	247	155	27	196	23	1	0	0	86.77	10.58	73.08
MO_140.bin.33	f__Rhodobacteraceae (UID3360)	56	582	313	392	188	2	0	0	0	29.92	0.32	50.00
MO_140.bin.34	c__Gammaproteobacteria (UID4267)	119	544	284	131	410	3	0	0	0	79.46	0.82	0.00
MO_140.bin.35	c__Alphaproteobacteria (UID3305)	564	349	230	53	244	51	1	0	0	84.41	17.12	75.93
MO_140.bin.4	k__Bacteria (UID203)	5449	104	58	99	5	0	0	0	0	7.76	0.00	0.00
MO_140.bin.5	c__Gammaproteobacteria (UID4201)	1164	275	174	160	115	0	0	0	0	46.84	0.00	0.00
MO_140.bin.6	root (UID1)	5656	56	24	56	0	0	0	0	0	0.00	0.00	0.00
MO_140.bin.7	c__Gammaproteobacteria (UID4267)	119	544	284	15	506	21	2	0	0	96.93	4.48	0.00
MO_140.bin.8	c__Gammaproteobacteria (UID4274)	112	581	290	254	318	7	2	0	0	58.59	1.71	15.38
MO_140.bin.9	k__Bacteria (UID203)	5449	104	58	94	10	0	0	0	0	13.10	0.00	0.00
MO_167.bin.1	root (UID1)	5656	56	24	56	0	0	0	0	0	0.00	0.00	0.00
MO_167.bin.10	root (UID1)	5656	56	24	56	0	0	0	0	0	0.00	0.00	0.00
MO_167.bin.11	root (UID1)	5656	56	24	56	0	0	0	0	0	0.00	0.00	0.00
MO_167.bin.12	p__Cyanobacteria (UID2189)	82	579	450	19	546	12	2	0	0	96.15	2.67	33.33
MO_167.bin.13	k__Bacteria (UID203)	5449	103	58	93	10	0	0	0	0	12.93	0.00	0.00
MO_167.bin.14	k__Bacteria (UID203)	5449	104	58	91	13	0	0	0	0	18.10	0.00	0.00
MO_167.bin.15	f__Rhodobacteraceae (UID3356)	67	617	330	345	250	21	1	0	0	45.49	4.24	70.83
MO_167.bin.16	c__Deltaproteobacteria (UID3217)	62	280	168	144	129	7	0	0	0	43.18	2.64	71.43
MO_167.bin.17	k__Bacteria (UID203)	5449	104	58	51	33	12	8	0	0	30.00	13.01	86.11
MO_167.bin.18	p__Cyanobacteria (UID2189)	82	579	450	86	479	14	0	0	0	83.57	2.48	57.14
MO_167.bin.19	c__Deltaproteobacteria (UID3216)	83	247	155	11	229	7	0	0	0	93.87	1.83	0.00
MO_167.bin.2	c__Gammaproteobacteria (UID4267)	119	544	284	128	406	9	1	0	0	80.79	1.26	41.67
MO_167.bin.20	c__Deltaproteobacteria (UID3216)	83	247	155	189	48	8	2	0	0	15.63	0.97	0.00
MO_167.bin.21	root (UID1)	5656	56	24	56	0	0	0	0	0	0.00	0.00	0.00
MO_167.bin.22	c__Deltaproteobacteria (UID3216)	83	247	155	37	204	6	0	0	0	80.46	3.23	0.00
MO_167.bin.23	k__Bacteria (UID203)	5449	102	56	61	35	6	0	0	0	59.82	7.14	33.33
MO_167.bin.24	o__Cytophagales (UID2936)	47	454	336	325	126	3	0	0	0	24.14	0.31	33.33
MO_167.bin.25	c__Gammaproteobacteria (UID4267)	119	544	284	94	399	47	2	2	0	88.42	11.71	36.92
MO_167.bin.26	p__Cyanobacteria (UID2192)	79	584	458	108	465	11	0	0	0	79.94	1.75	54.55
MO_167.bin.27	p__Cyanobacteria (UID2192)	79	584	458	26	547	11	0	0	0	94.98	2.18	0.00
MO_167.bin.28	k__Bacteria (UID203)	5449	104	58	78	26	0	0	0	0	43.10	0.00	0.00
MO_167.bin.29	c__Gammaproteobacteria (UID4267)	119	544	284	43	493	6	2	0	0	90.11	2.46	0.00
MO_167.bin.3	k__Bacteria (UID203)	5449	103	58	79	24	0	0	0	0	28.62	0.00	0.00
MO_167.bin.30	k__Bacteria (UID1452)	924	163	110	8	149	5	1	0	0	93.18	5.64	0.00
MO_167.bin.31	k__Bacteria (UID203)	5449	102	56	90	11	1	0	0	0	16.96	1.79	100.00
MO_167.bin.32	root (UID1)	5656	56	24	55	1	0	0	0	0	4.17	0.00	0.00
MO_167.bin.33	c__Deltaproteobacteria (UID3216)	83	247	155	173	65	9	0	0	0	23.57	1.94	0.00
MO_167.bin.34	k__Bacteria (UID1453)	901	171	117	10	152	9	0	0	0	92.74	2.53	66.67
MO_167.bin.35	k__Bacteria (UID203)	5449	103	57	84	17	2	0	0	0	29.98	3.51	0.00
MO_167.bin.36	root (UID1)	5656	56	24	56	0	0	0	0	0	0.00	0.00	0.00
MO_167.bin.37	c__Deltaproteobacteria (UID3216)	83	247	155	7	222	18	0	0	0	96.97	7.74	5.56
MO_167.bin.38	root (UID1)	5656	56	24	56	0	0	0	0	0	0.00	0.00	0.00
MO_167.bin.39	c__Gammaproteobacteria (UID4274)	112	577	287	32	529	16	0	0	0	93.18	1.54	6.25
MO_167.bin.4	c__Deltaproteobacteria (UID3216)	83	247	155	45	201	1	0	0	0	78.17	0.65	0.00
MO_167.bin.40	c__Gammaproteobacteria (UID4267)	119	544	284	209	318	17	0	0	0	60.60	3.81	5.88
MO_167.bin.41	p__Cyanobacteria (UID2192)	79	584	458	39	531	14	0	0	0	93.12	2.85	14.29
MO_167.bin.42	p__Cyanobacteria (UID2189)	82	579	450	128	438	13	0	0	0	77.98	2.33	15.38
MO_167.bin.43	root (UID1)	5656	56	24	56	0	0	0	0	0	0.00	0.00	0.00
MO_167.bin.44	c__Deltaproteobacteria (UID3216)	83	247	155	21	190	31	5	0	0	93.43	17.90	21.74
MO_167.bin.45	c__Alphaproteobacteria (UID3305)	564	349	230	249	100	0	0	0	0	23.42	0.00	0.00
MO_167.bin.46	k__Bacteria (UID2495)	2993	147	91	92	53	2	0	0	0	39.53	1.65	0.00
MO_167.bin.47	p__Cyanobacteria (UID2189)	82	579	450	31	542	6	0	0	0	94.00	1.11	0.00
MO_167.bin.48	k__Bacteria (UID203)	5449	104	58	98	6	0	0	0	0	8.62	0.00	0.00
MO_167.bin.49	k__Bacteria (UID203)	5449	103	57	97	6	0	0	0	0	10.53	0.00	0.00
MO_167.bin.5	k__Bacteria (UID203)	5449	104	58	93	10	1	0	0	0	15.52	1.72	100.00
MO_167.bin.50	c__Gammaproteobacteria (UID4267)	119	544	284	70	441	30	2	1	0	87.61	7.64	28.57
MO_167.bin.51	p__Cyanobacteria (UID2192)	79	584	458	19	552	11	2	0	0	96.07	2.52	11.76
MO_167.bin.52	p__Cyanobacteria (UID2192)	79	584	458	103	475	6	0	0	0	80.92	0.99	50.00
MO_167.bin.53	k__Bacteria (UID203)	5449	104	58	86	18	0	0	0	0	20.69	0.00	0.00
MO_167.bin.54	k__Bacteria (UID203)	5449	102	56	79	23	0	0	0	0	37.50	0.00	0.00
MO_167.bin.55	c__Alphaproteobacteria (UID3305)	564	349	230	2	346	1	0	0	0	99.13	0.22	0.00
MO_167.bin.56	f__Flavobacteriaceae (UID2845)	53	548	298	326	222	0	0	0	0	38.43	0.00	0.00
MO_167.bin.57	p__Cyanobacteria (UID2192)	79	584	458	554	30	0	0	0	0	1.88	0.00	0.00
MO_167.bin.58	k__Bacteria (UID203)	5449	103	57	100	3	0	0	0	0	3.51	0.00	0.00
MO_167.bin.59	f__Rhodobacteraceae (UID3356)	67	617	330	373	239	5	0	0	0	40.87	1.11	0.00
MO_167.bin.6	p__Cyanobacteria (UID2192)	79	584	458	140	427	17	0	0	0	77.04	2.20	17.65
MO_167.bin.7	k__Bacteria (UID203)	5449	103	57	92	11	0	0	0	0	16.14	0.00	0.00
MO_167.bin.8	k__Bacteria (UID203)	5449	102	56	14	57	25	6	0	0	80.03	28.65	60.47
MO_167.bin.9	k__Bacteria (UID203)	5449	102	56	78	24	0	0	0	0	34.82	0.00	0.00
MO_170.bin.1	k__Bacteria (UID203)	5449	104	58	7	22	13	34	20	8	87.93	127.65	43.81
MO_170.bin.2	c__Deltaproteobacteria (UID3216)	83	247	155	157	88	2	0	0	0	27.02	0.67	0.00
MO_170.bin.3	root (UID1)	5656	56	24	56	0	0	0	0	0	0.00	0.00	0.00
MO_170.bin.4	c__Alphaproteobacteria (UID3305)	564	349	230	174	170	5	0	0	0	52.09	1.52	60.00
MO_170.bin.5	k__Bacteria (UID203)	5449	104	58	5	52	44	3	0	0	96.08	39.00	47.17
MO_180.bin.1	k__Bacteria (UID203)	5449	104	58	19	46	29	10	0	0	75.86	22.63	42.37
MO_180.bin.10	c__Gammaproteobacteria (UID4267)	119	544	284	361	176	7	0	0	0	36.46	2.00	0.00
MO_180.bin.11	root (UID1)	5656	56	24	51	1	4	0	0	0	2.31	1.85	0.00
MO_180.bin.2	k__Bacteria (UID203)	5449	103	58	94	9	0	0	0	0	4.66	0.00	0.00
MO_180.bin.3	c__Deltaproteobacteria (UID3216)	83	247	155	69	176	2	0	0	0	69.24	1.29	0.00
MO_180.bin.4	c__Gammaproteobacteria (UID4267)	119	544	284	470	74	0	0	0	0	10.00	0.00	0.00
MO_180.bin.5	k__Bacteria (UID203)	5449	104	58	94	10	0	0	0	0	16.38	0.00	0.00
MO_180.bin.6	c__Deltaproteobacteria (UID3216)	83	247	155	209	38	0	0	0	0	11.41	0.00	0.00
MO_180.bin.7	root (UID1)	5656	56	24	56	0	0	0	0	0	0.00	0.00	0.00
MO_180.bin.8	c__Gammaproteobacteria (UID4274)	112	581	290	492	89	0	0	0	0	13.70	0.00	0.00
MO_180.bin.9	root (UID1)	5656	56	24	56	0	0	0	0	0	0.00	0.00	0.00
MO_184.bin.1	root (UID1)	5656	56	24	56	0	0	0	0	0	0.00	0.00	0.00
MO_184.bin.10	root (UID1)	5656	56	24	56	0	0	0	0	0	0.00	0.00	0.00
MO_184.bin.11	root (UID1)	5656	56	24	56	0	0	0	0	0	0.00	0.00	0.00
MO_184.bin.12	k__Bacteria (UID203)	5449	102	56	91	11	0	0	0	0	14.29	0.00	0.00
MO_184.bin.13	root (UID1)	5656	56	24	56	0	0	0	0	0	0.00	0.00	0.00
MO_184.bin.14	k__Archaea (UID2)	207	149	107	116	24	9	0	0	0	19.52	4.35	11.11
MO_184.bin.15	root (UID1)	5656	56	24	56	0	0	0	0	0	0.00	0.00	0.00
MO_184.bin.2	root (UID1)	5656	56	24	56	0	0	0	0	0	0.00	0.00	0.00
MO_184.bin.3	root (UID1)	5656	56	24	56	0	0	0	0	0	0.00	0.00	0.00
MO_184.bin.4	root (UID1)	5656	56	24	56	0	0	0	0	0	0.00	0.00	0.00
MO_184.bin.5	root (UID1)	5656	56	24	56	0	0	0	0	0	0.00	0.00	0.00
MO_184.bin.6	root (UID1)	5656	56	24	56	0	0	0	0	0	0.00	0.00	0.00
MO_184.bin.7	root (UID1)	5656	56	24	56	0	0	0	0	0	0.00	0.00	0.00
MO_184.bin.8	root (UID1)	5656	56	24	56	0	0	0	0	0	0.00	0.00	0.00
MO_184.bin.9	k__Archaea (UID2)	207	149	107	147	2	0	0	0	0	0.14	0.00	0.00
MO_188.bin.1	p__Cyanobacteria (UID2192)	79	584	458	142	436	6	0	0	0	74.99	0.98	50.00
MO_188.bin.10	root (UID1)	5656	56	24	54	2	0	0	0	0	8.33	0.00	0.00
MO_188.bin.11	k__Bacteria (UID203)	5449	104	58	90	14	0	0	0	0	13.95	0.00	0.00
MO_188.bin.12	c__Gammaproteobacteria (UID4267)	119	544	284	137	397	9	1	0	0	70.90	2.55	0.00
MO_188.bin.13	root (UID1)	5656	56	24	56	0	0	0	0	0	0.00	0.00	0.00
MO_188.bin.14	k__Bacteria (UID203)	5449	103	58	101	2	0	0	0	0	1.88	0.00	0.00
MO_188.bin.15	f__Rhodobacteraceae (UID3356)	67	617	330	260	330	27	0	0	0	60.17	4.15	77.78
MO_188.bin.16	c__Gammaproteobacteria (UID4267)	119	544	284	315	221	8	0	0	0	44.22	1.31	37.50
MO_188.bin.17	k__Bacteria (UID203)	5449	103	58	93	10	0	0	0	0	10.34	0.00	0.00
MO_188.bin.18	o__Sphingomonadales (UID3310)	26	569	293	68	480	21	0	0	0	88.36	2.51	38.10
MO_188.bin.19	p__Cyanobacteria (UID2192)	79	584	458	147	415	20	2	0	0	75.42	4.04	69.23
MO_188.bin.2	c__Gammaproteobacteria (UID4267)	119	544	284	103	404	33	4	0	0	81.17	8.10	51.11
MO_188.bin.20	k__Bacteria (UID1453)	901	171	117	27	143	1	0	0	0	84.82	0.85	0.00
MO_188.bin.21	p__Cyanobacteria (UID2192)	79	584	458	31	541	12	0	0	0	93.89	2.18	8.33
MO_188.bin.22	k__Archaea (UID2)	207	149	107	51	64	24	9	0	1	62.47	19.61	0.00
MO_188.bin.23	k__Archaea (UID2)	207	149	107	147	2	0	0	0	0	0.93	0.00	0.00
MO_188.bin.24	p__Cyanobacteria (UID2192)	79	584	458	189	380	15	0	0	0	69.32	3.06	13.33
MO_188.bin.25	k__Bacteria (UID203)	5449	104	58	94	10	0	0	0	0	3.84	0.00	0.00
MO_188.bin.26	k__Bacteria (UID1453)	901	171	117	51	116	4	0	0	0	72.17	2.56	25.00
MO_188.bin.27	k__Bacteria (UID203)	5449	103	58	4	60	39	0	0	0	94.83	39.66	46.15
MO_188.bin.28	p__Cyanobacteria (UID2143)	129	472	368	73	385	14	0	0	0	87.53	3.12	7.14
MO_188.bin.29	p__Cyanobacteria (UID2192)	79	584	458	52	528	4	0	0	0	91.41	0.76	0.00
MO_188.bin.3	k__Bacteria (UID203)	5449	104	58	85	19	0	0	0	0	20.66	0.00	0.00
MO_188.bin.30	p__Cyanobacteria (UID2189)	82	579	450	207	368	3	1	0	0	64.18	0.89	100.00
MO_188.bin.31	k__Bacteria (UID203)	5449	104	58	11	60	27	6	0	0	91.33	17.21	6.67
MO_188.bin.32	p__Cyanobacteria (UID2192)	79	584	458	29	548	7	0	0	0	96.07	1.27	14.29
MO_188.bin.33	root (UID1)	5656	56	24	54	2	0	0	0	0	8.33	0.00	0.00
MO_188.bin.34	p__Cyanobacteria (UID2189)	82	579	450	13	557	9	0	0	0	97.48	1.48	22.22
MO_188.bin.35	f__Flavobacteriaceae (UID2845)	53	548	298	97	444	7	0	0	0	82.93	1.96	0.00
MO_188.bin.36	root (UID1)	5656	56	24	56	0	0	0	0	0	0.00	0.00	0.00
MO_188.bin.37	p__Cyanobacteria (UID2192)	79	584	458	236	346	2	0	0	0	59.83	0.44	50.00
MO_188.bin.38	o__Sphingomonadales (UID3310)	26	569	293	235	334	0	0	0	0	57.94	0.00	0.00
MO_188.bin.39	c__Alphaproteobacteria (UID3305)	564	349	230	15	333	1	0	0	0	95.72	0.22	0.00
MO_188.bin.4	k__Bacteria (UID203)	5449	104	58	97	7	0	0	0	0	2.51	0.00	0.00
MO_188.bin.40	c__Gammaproteobacteria (UID4202)	67	481	276	28	436	15	2	0	0	96.42	5.71	9.52
MO_188.bin.41	k__Bacteria (UID203)	5449	103	58	102	1	0	0	0	0	1.72	0.00	0.00
MO_188.bin.42	root (UID1)	5656	56	24	56	0	0	0	0	0	0.00	0.00	0.00
MO_188.bin.43	p__Cyanobacteria (UID2192)	79	584	458	382	200	2	0	0	0	37.91	0.44	0.00
MO_188.bin.44	p__Cyanobacteria (UID2192)	79	584	458	30	553	1	0	0	0	94.76	0.22	0.00
MO_188.bin.45	root (UID1)	5656	56	24	56	0	0	0	0	0	0.00	0.00	0.00
MO_188.bin.46	k__Bacteria (UID203)	5449	104	58	81	22	1	0	0	0	26.18	1.72	100.00
MO_188.bin.47	root (UID1)	5656	56	24	56	0	0	0	0	0	0.00	0.00	0.00
MO_188.bin.48	c__Deltaproteobacteria (UID3216)	83	247	155	64	181	2	0	0	0	72.19	1.29	0.00
MO_188.bin.49	k__Bacteria (UID203)	5449	104	58	59	45	0	0	0	0	63.56	0.00	0.00
MO_188.bin.5	o__Rhizobiales (UID3447)	356	416	249	59	355	2	0	0	0	92.03	0.80	50.00
MO_188.bin.50	f__Rhodobacteraceae (UID3361)	46	654	332	14	634	6	0	0	0	98.03	1.38	16.67
MO_188.bin.51	k__Bacteria (UID203)	5449	104	58	95	9	0	0	0	0	14.14	0.00	0.00
MO_188.bin.52	p__Cyanobacteria (UID2189)	82	579	450	28	544	7	0	0	0	94.67	1.33	14.29
MO_188.bin.53	o__Sphingomonadales (UID3310)	26	569	293	164	401	4	0	0	0	72.53	0.59	50.00
MO_188.bin.54	k__Bacteria (UID203)	5449	103	58	99	4	0	0	0	0	6.90	0.00	0.00
MO_188.bin.55	root (UID1)	5656	56	24	53	3	0	0	0	0	12.50	0.00	0.00
MO_188.bin.56	k__Bacteria (UID203)	5449	104	58	84	20	0	0	0	0	21.47	0.00	0.00
MO_188.bin.57	f__Rhodobacteraceae (UID3356)	67	617	330	84	504	28	1	0	0	86.33	3.81	25.81
MO_188.bin.58	k__Bacteria (UID1453)	901	171	117	116	46	8	1	0	0	27.63	2.93	0.00
MO_188.bin.59	c__Deltaproteobacteria (UID3216)	83	247	155	193	51	3	0	0	0	19.13	0.69	0.00
MO_188.bin.6	root (UID1)	5656	56	24	56	0	0	0	0	0	0.00	0.00	0.00
MO_188.bin.7	k__Bacteria (UID203)	5449	104	58	92	11	1	0	0	0	13.10	1.72	0.00
MO_188.bin.8	p__Cyanobacteria (UID2192)	79	584	458	18	535	31	0	0	0	96.72	5.90	67.74
MO_188.bin.9	k__Bacteria (UID1453)	901	171	117	132	39	0	0	0	0	15.60	0.00	0.00
MO_192.bin.1	c__Deltaproteobacteria (UID3216)	83	247	155	215	31	1	0	0	0	7.19	0.65	0.00
MO_192.bin.10	p__Cyanobacteria (UID2189)	82	579	450	28	529	20	2	0	0	94.81	3.85	3.85
MO_192.bin.11	k__Bacteria (UID203)	5449	102	56	91	11	0	0	0	0	1.79	0.00	0.00
MO_192.bin.12	k__Bacteria (UID3187)	2258	188	117	116	71	1	0	0	0	41.67	0.85	0.00
MO_192.bin.13	c__Deltaproteobacteria (UID3217)	62	280	168	165	113	2	0	0	0	36.57	0.60	100.00
MO_192.bin.14	c__Deltaproteobacteria (UID3217)	62	280	168	46	225	9	0	0	0	79.73	3.97	0.00
MO_192.bin.15	k__Bacteria (UID1453)	901	171	117	5	165	1	0	0	0	96.93	0.85	0.00
MO_192.bin.16	k__Bacteria (UID2982)	88	230	148	14	214	1	1	0	0	90.88	1.58	50.00
MO_192.bin.17	p__Cyanobacteria (UID2189)	82	579	450	42	532	5	0	0	0	91.78	0.89	0.00
MO_192.bin.18	p__Cyanobacteria (UID2192)	79	584	458	60	512	11	0	1	0	88.46	3.06	52.94
MO_192.bin.19	p__Cyanobacteria (UID2192)	79	584	458	89	477	16	2	0	0	83.96	3.60	40.91
MO_192.bin.2	k__Bacteria (UID1453)	901	171	117	73	85	13	0	0	0	59.97	8.12	0.00
MO_192.bin.20	k__Bacteria (UID203)	5449	104	58	91	13	0	0	0	0	12.85	0.00	0.00
MO_192.bin.21	c__Alphaproteobacteria (UID3305)	564	349	230	160	183	6	0	0	0	50.46	1.96	0.00
MO_192.bin.22	root (UID1)	5656	56	24	56	0	0	0	0	0	0.00	0.00	0.00
MO_192.bin.23	k__Bacteria (UID203)	5449	104	58	77	27	0	0	0	0	40.52	0.00	0.00
MO_192.bin.24	p__Cyanobacteria (UID2192)	79	584	458	455	128	1	0	0	0	19.89	0.22	0.00
MO_192.bin.25	k__Bacteria (UID203)	5449	103	57	98	5	0	0	0	0	7.02	0.00	0.00
MO_192.bin.26	p__Cyanobacteria (UID2192)	79	584	458	366	214	4	0	0	0	37.77	0.73	0.00
MO_192.bin.27	p__Cyanobacteria (UID2192)	79	584	458	20	553	10	1	0	0	96.62	2.30	15.38
MO_192.bin.28	k__Bacteria (UID203)	5449	103	57	85	18	0	0	0	0	21.53	0.00	0.00
MO_192.bin.29	root (UID1)	5656	56	24	56	0	0	0	0	0	0.00	0.00	0.00
MO_192.bin.3	k__Bacteria (UID203)	5449	102	56	85	17	0	0	0	0	15.26	0.00	0.00
MO_192.bin.4	root (UID1)	5656	56	24	56	0	0	0	0	0	0.00	0.00	0.00
MO_192.bin.5	k__Bacteria (UID203)	5449	104	58	102	2	0	0	0	0	2.30	0.00	0.00
MO_192.bin.6	p__Cyanobacteria (UID2192)	79	584	458	261	312	11	0	0	0	54.94	1.38	36.36
MO_192.bin.7	root (UID1)	5656	56	24	56	0	0	0	0	0	0.00	0.00	0.00
MO_192.bin.8	p__Cyanobacteria (UID2143)	129	471	368	327	144	0	0	0	0	31.36	0.00	0.00
MO_192.bin.9	c__Gammaproteobacteria (UID4444)	263	504	231	201	302	1	0	0	0	61.25	0.43	0.00
MO_197.bin.1	k__Bacteria (UID1453)	901	171	117	89	81	1	0	0	0	51.84	0.85	0.00
MO_197.bin.10	k__Bacteria (UID203)	5449	104	58	77	27	0	0	0	0	37.93	0.00	0.00
MO_197.bin.11	f__Rhodobacteraceae (UID3340)	84	568	330	392	170	6	0	0	0	29.00	0.91	0.00
MO_197.bin.12	c__Alphaproteobacteria (UID3305)	564	349	230	134	207	8	0	0	0	61.48	2.55	50.00
MO_197.bin.13	c__Deltaproteobacteria (UID3216)	83	247	155	161	80	6	0	0	0	38.27	2.69	66.67
MO_197.bin.14	root (UID1)	5656	56	24	55	1	0	0	0	0	4.17	0.00	0.00
MO_197.bin.15	k__Bacteria (UID203)	5449	104	58	79	25	0	0	0	0	36.90	0.00	0.00
MO_197.bin.16	root (UID1)	5656	56	24	56	0	0	0	0	0	0.00	0.00	0.00
MO_197.bin.17	k__Bacteria (UID203)	5449	104	58	99	3	2	0	0	0	0.78	0.31	0.00
MO_197.bin.18	root (UID1)	5656	56	24	56	0	0	0	0	0	0.00	0.00	0.00
MO_197.bin.19	c__Gammaproteobacteria (UID4267)	119	544	284	326	214	4	0	0	0	39.91	0.91	0.00
MO_197.bin.2	k__Bacteria (UID203)	5449	104	58	100	4	0	0	0	0	5.17	0.00	0.00
MO_197.bin.20	k__Bacteria (UID203)	5449	104	58	84	20	0	0	0	0	31.03	0.00	0.00
MO_197.bin.21	k__Bacteria (UID2565)	2921	143	88	11	129	3	0	0	0	88.53	3.41	33.33
MO_197.bin.22	k__Bacteria (UID203)	5449	104	58	88	16	0	0	0	0	8.62	0.00	0.00
MO_197.bin.23	c__Deltaproteobacteria (UID3216)	83	247	155	57	188	2	0	0	0	77.90	0.38	0.00
MO_197.bin.24	c__Deltaproteobacteria (UID3216)	83	247	155	200	47	0	0	0	0	15.48	0.00	0.00
MO_197.bin.25	root (UID1)	5656	56	24	56	0	0	0	0	0	0.00	0.00	0.00
MO_197.bin.26	k__Bacteria (UID203)	5449	103	58	95	8	0	0	0	0	13.79	0.00	0.00
MO_197.bin.27	k__Bacteria (UID203)	5449	104	58	101	3	0	0	0	0	3.61	0.00	0.00
MO_197.bin.28	k__Bacteria (UID1453)	901	171	117	104	64	3	0	0	0	39.74	1.80	0.00
MO_197.bin.29	k__Bacteria (UID203)	5449	104	58	91	13	0	0	0	0	18.97	0.00	0.00
MO_197.bin.3	k__Bacteria (UID203)	5449	104	58	7	74	20	3	0	0	87.93	16.54	65.52
MO_197.bin.30	c__Gammaproteobacteria (UID4274)	112	581	290	391	189	1	0	0	0	31.06	0.17	0.00
MO_197.bin.31	c__Deltaproteobacteria (UID3216)	83	247	155	19	225	3	0	0	0	90.97	1.13	0.00
MO_197.bin.32	c__Alphaproteobacteria (UID3305)	564	349	230	70	273	4	2	0	0	81.45	2.39	0.00
MO_197.bin.33	p__Cyanobacteria (UID2192)	79	584	458	220	361	3	0	0	0	59.21	0.66	0.00
MO_197.bin.34	root (UID1)	5656	56	24	53	2	1	0	0	0	12.50	4.17	0.00
MO_197.bin.35	k__Bacteria (UID203)	5449	104	58	77	27	0	0	0	0	37.93	0.00	0.00
MO_197.bin.4	c__Deltaproteobacteria (UID3216)	83	247	155	198	49	0	0	0	0	13.75	0.00	0.00
MO_197.bin.5	c__Gammaproteobacteria (UID4267)	119	544	284	467	76	1	0	0	0	11.92	0.12	0.00
MO_197.bin.6	k__Bacteria (UID1453)	901	171	117	48	116	7	0	0	0	81.74	3.85	0.00
MO_197.bin.7	k__Bacteria (UID203)	5449	104	58	98	2	4	0	0	0	0.94	0.63	0.00
MO_197.bin.8	k__Bacteria (UID1453)	901	171	117	114	55	2	0	0	0	30.01	1.71	50.00
MO_197.bin.9	k__Bacteria (UID3187)	2258	190	119	133	57	0	0	0	0	33.44	0.00	0.00
MO_199.bin.1	k__Bacteria (UID203)	5449	102	56	97	5	0	0	0	0	7.14	0.00	0.00
MO_199.bin.10	c__Gammaproteobacteria (UID4274)	112	581	290	369	209	3	0	0	0	33.42	0.63	0.00
MO_199.bin.11	p__Cyanobacteria (UID2192)	79	584	458	287	294	3	0	0	0	51.39	0.55	0.00
MO_199.bin.12	root (UID1)	5656	56	24	55	1	0	0	0	0	4.17	0.00	0.00
MO_199.bin.13	root (UID1)	5656	56	24	53	3	0	0	0	0	12.50	0.00	0.00
MO_199.bin.14	root (UID1)	5656	56	24	56	0	0	0	0	0	0.00	0.00	0.00
MO_199.bin.2	c__Alphaproteobacteria (UID3305)	564	349	230	205	138	6	0	0	0	43.60	1.27	0.00
MO_199.bin.3	p__Cyanobacteria (UID2192)	79	584	458	152	412	20	0	0	0	74.04	3.40	60.00
MO_199.bin.4	k__Bacteria (UID203)	5449	103	58	101	2	0	0	0	0	2.59	0.00	0.00
MO_199.bin.5	p__Cyanobacteria (UID2192)	79	584	458	59	503	22	0	0	0	90.77	3.82	50.00
MO_199.bin.6	p__Cyanobacteria (UID2192)	79	584	458	66	509	9	0	0	0	87.77	1.53	0.00
MO_199.bin.7	root (UID1)	5656	56	24	54	2	0	0	0	0	4.63	0.00	0.00
MO_199.bin.8	k__Archaea (UID2)	207	149	107	118	28	2	1	0	0	17.25	2.80	0.00
MO_199.bin.9	k__Bacteria (UID203)	5449	104	58	86	18	0	0	0	0	25.86	0.00	0.00
MO_202.bin.1	c__Gammaproteobacteria (UID4267)	119	544	284	458	83	3	0	0	0	13.18	0.47	33.33
MO_202.bin.10	c__Deltaproteobacteria (UID3216)	83	247	155	114	131	2	0	0	0	60.63	0.54	0.00
MO_202.bin.11	root (UID1)	5656	56	24	56	0	0	0	0	0	0.00	0.00	0.00
MO_202.bin.12	k__Bacteria (UID203)	5449	103	57	96	7	0	0	0	0	4.15	0.00	0.00
MO_202.bin.13	c__Deltaproteobacteria (UID3216)	83	247	155	209	38	0	0	0	0	8.63	0.00	0.00
MO_202.bin.14	root (UID1)	5656	56	24	54	2	0	0	0	0	8.33	0.00	0.00
MO_202.bin.15	root (UID1)	5656	56	24	52	0	4	0	0	0	1.85	1.85	0.00
MO_202.bin.16	k__Bacteria (UID203)	5449	103	58	76	27	0	0	0	0	29.83	0.00	0.00
MO_202.bin.17	c__Gammaproteobacteria (UID4267)	119	544	284	137	399	8	0	0	0	69.06	2.34	37.50
MO_202.bin.18	k__Bacteria (UID203)	5449	104	58	95	9	0	0	0	0	13.79	0.00	0.00
MO_202.bin.19	k__Archaea (UID2)	207	149	107	99	41	8	1	0	0	33.38	7.01	9.09
MO_202.bin.2	p__Cyanobacteria (UID2192)	79	584	458	15	559	10	0	0	0	97.53	1.97	40.00
MO_202.bin.20	k__Bacteria (UID203)	5449	104	58	99	5	0	0	0	0	8.62	0.00	0.00
MO_202.bin.21	k__Bacteria (UID203)	5449	102	56	97	5	0	0	0	0	6.25	0.00	0.00
MO_202.bin.22	c__Deltaproteobacteria (UID3216)	83	247	155	209	38	0	0	0	0	10.15	0.00	0.00
MO_202.bin.23	c__Alphaproteobacteria (UID3305)	564	349	230	5	333	10	1	0	0	98.26	4.06	23.08
MO_202.bin.24	c__Deltaproteobacteria (UID3216)	83	247	155	49	197	1	0	0	0	75.35	0.16	0.00
MO_202.bin.25	c__Deltaproteobacteria (UID3216)	83	247	155	40	206	1	0	0	0	81.29	0.65	0.00
MO_202.bin.26	c__Alphaproteobacteria (UID3305)	564	349	230	39	231	77	2	0	0	86.59	22.89	87.95
MO_202.bin.27	k__Bacteria (UID203)	5449	104	58	99	3	2	0	0	0	0.78	0.31	0.00
MO_202.bin.28	k__Bacteria (UID203)	5449	104	58	92	12	0	0	0	0	14.66	0.00	0.00
MO_202.bin.3	root (UID1)	5656	56	24	56	0	0	0	0	0	0.00	0.00	0.00
MO_202.bin.4	k__Bacteria (UID203)	5449	104	58	95	9	0	0	0	0	11.55	0.00	0.00
MO_202.bin.5	k__Bacteria (UID203)	5449	104	58	89	15	0	0	0	0	22.41	0.00	0.00
MO_202.bin.6	c__Deltaproteobacteria (UID3216)	83	247	155	145	101	1	0	0	0	44.24	0.16	0.00
MO_202.bin.7	k__Bacteria (UID203)	5449	104	58	82	22	0	0	0	0	33.62	0.00	0.00
MO_202.bin.8	p__Cyanobacteria (UID2192)	79	584	458	262	319	2	1	0	0	51.24	0.87	0.00
MO_202.bin.9	p__Cyanobacteria (UID2192)	79	584	458	307	274	3	0	0	0	46.41	0.36	66.67
MO_207.bin.1	k__Bacteria (UID1453)	901	171	117	125	45	1	0	0	0	16.86	0.85	0.00
MO_207.bin.10	p__Cyanobacteria (UID2192)	79	584	458	116	462	6	0	0	0	78.76	1.31	33.33
MO_207.bin.11	k__Bacteria (UID1453)	901	171	117	37	64	57	9	4	0	87.65	63.25	20.37
MO_207.bin.12	root (UID1)	5656	56	24	56	0	0	0	0	0	0.00	0.00	0.00
MO_207.bin.13	root (UID1)	5656	56	24	55	1	0	0	0	0	4.17	0.00	0.00
MO_207.bin.14	o__Actinomycetales (UID1663)	488	310	185	138	170	2	0	0	0	59.79	1.08	0.00
MO_207.bin.15	p__Cyanobacteria (UID2192)	79	584	458	13	558	13	0	0	0	97.71	2.62	7.69
MO_207.bin.16	k__Bacteria (UID203)	5449	104	58	100	4	0	0	0	0	6.90	0.00	0.00
MO_207.bin.17	k__Bacteria (UID203)	5449	103	58	96	7	0	0	0	0	3.45	0.00	0.00
MO_207.bin.18	k__Bacteria (UID203)	5449	104	58	93	11	0	0	0	0	16.09	0.00	0.00
MO_207.bin.19	k__Bacteria (UID203)	5449	103	58	87	16	0	0	0	0	16.38	0.00	0.00
MO_207.bin.2	c__Deltaproteobacteria (UID3216)	83	247	155	212	35	0	0	0	0	9.85	0.00	0.00
MO_207.bin.20	k__Bacteria (UID203)	5449	103	57	84	19	0	0	0	0	12.52	0.00	0.00
MO_207.bin.21	k__Bacteria (UID203)	5449	104	58	91	13	0	0	0	0	20.69	0.00	0.00
MO_207.bin.22	p__Cyanobacteria (UID2192)	79	584	458	451	133	0	0	0	0	22.79	0.00	0.00
MO_207.bin.23	k__Bacteria (UID203)	5449	104	58	90	14	0	0	0	0	20.69	0.00	0.00
MO_207.bin.24	c__Deltaproteobacteria (UID3216)	83	247	155	67	179	1	0	0	0	74.85	0.22	0.00
MO_207.bin.25	f__Rhodobacteraceae (UID3356)	67	617	330	246	368	3	0	0	0	59.76	0.61	66.67
MO_207.bin.26	p__Cyanobacteria (UID2192)	79	584	458	312	271	1	0	0	0	40.43	0.01	100.00
MO_207.bin.3	k__Bacteria (UID203)	5449	104	58	99	3	2	0	0	0	0.78	0.31	0.00
MO_207.bin.4	k__Bacteria (UID203)	5449	104	58	101	3	0	0	0	0	5.17	0.00	0.00
MO_207.bin.5	k__Bacteria (UID203)	5449	104	58	89	15	0	0	0	0	12.30	0.00	0.00
MO_207.bin.6	k__Bacteria (UID203)	5449	104	58	13	71	20	0	0	0	80.02	6.11	80.00
MO_207.bin.7	k__Bacteria (UID203)	5449	104	58	88	16	0	0	0	0	19.59	0.00	0.00
MO_207.bin.8	k__Bacteria (UID203)	5449	104	58	98	3	3	0	0	0	0.94	0.47	0.00
MO_207.bin.9	c__Deltaproteobacteria (UID3216)	83	247	155	55	191	1	0	0	0	72.69	0.65	0.00
MO_226.bin.1	o__Rhizobiales (UID3447)	356	413	248	27	380	6	0	0	0	90.12	1.13	16.67
MO_226.bin.10	k__Bacteria (UID203)	5449	104	58	103	1	0	0	0	0	0.16	0.00	0.00
MO_226.bin.11	f__Rhodobacteraceae (UID3356)	67	617	330	218	397	2	0	0	0	62.36	0.30	0.00
MO_226.bin.12	c__Alphaproteobacteria (UID3305)	564	349	230	315	34	0	0	0	0	5.92	0.00	0.00
MO_226.bin.13	p__Cyanobacteria (UID2192)	79	584	458	20	547	15	2	0	0	96.07	3.53	4.76
MO_226.bin.14	k__Bacteria (UID203)	5449	104	58	96	8	0	0	0	0	5.17	0.00	0.00
MO_226.bin.15	k__Bacteria (UID1453)	901	171	117	107	62	2	0	0	0	30.04	1.71	0.00
MO_226.bin.16	k__Bacteria (UID203)	5449	103	58	102	1	0	0	0	0	1.72	0.00	0.00
MO_226.bin.17	k__Bacteria (UID203)	5449	104	58	96	8	0	0	0	0	6.03	0.00	0.00
MO_226.bin.18	root (UID1)	5656	56	24	56	0	0	0	0	0	0.00	0.00	0.00
MO_226.bin.19	p__Cyanobacteria (UID2189)	82	579	450	156	419	4	0	0	0	71.80	0.63	0.00
MO_226.bin.2	k__Bacteria (UID203)	5449	104	58	91	13	0	0	0	0	17.82	0.00	0.00
MO_226.bin.3	root (UID1)	5656	56	24	54	2	0	0	0	0	8.33	0.00	0.00
MO_226.bin.4	f__Rhodobacteraceae (UID3361)	46	654	332	593	61	0	0	0	0	8.48	0.00	0.00
MO_226.bin.5	root (UID1)	5656	56	24	54	2	0	0	0	0	8.33	0.00	0.00
MO_226.bin.6	k__Bacteria (UID1453)	901	171	117	57	101	12	1	0	0	66.35	7.58	0.00
MO_226.bin.7	k__Bacteria (UID1453)	901	171	117	127	43	1	0	0	0	19.49	0.14	0.00
MO_226.bin.8	p__Cyanobacteria (UID2192)	79	584	458	252	327	5	0	0	0	52.75	0.95	20.00
MO_226.bin.9	k__Bacteria (UID203)	5449	103	58	83	20	0	0	0	0	12.23	0.00	0.00
MO_231.bin.1	p__Cyanobacteria (UID2192)	79	584	458	112	467	5	0	0	0	78.49	0.95	0.00
MO_231.bin.2	k__Bacteria (UID203)	5449	102	56	89	13	0	0	0	0	9.90	0.00	0.00
MO_231.bin.3	k__Bacteria (UID203)	5449	104	58	49	29	14	10	2	0	45.89	22.21	0.00
MO_231.bin.4	k__Bacteria (UID203)	5449	104	58	83	21	0	0	0	0	14.81	0.00	0.00
MO_231.bin.5	k__Bacteria (UID203)	5449	102	56	89	13	0	0	0	0	13.93	0.00	0.00
MO_231.bin.6	c__Deltaproteobacteria (UID3216)	83	247	155	221	26	0	0	0	0	10.23	0.00	0.00
MO_231.bin.7	root (UID1)	5656	56	24	56	0	0	0	0	0	0.00	0.00	0.00
MO_234.bin.1	p__Cyanobacteria (UID2192)	79	584	458	120	455	9	0	0	0	78.17	1.71	55.56
MO_234.bin.10	k__Archaea (UID2)	207	149	107	127	21	1	0	0	0	13.77	0.93	0.00
MO_234.bin.11	k__Bacteria (UID203)	5449	104	58	97	7	0	0	0	0	4.23	0.00	0.00
MO_234.bin.12	k__Bacteria (UID203)	5449	104	58	93	11	0	0	0	0	15.52	0.00	0.00
MO_234.bin.13	k__Bacteria (UID203)	5449	104	58	89	15	0	0	0	0	10.08	0.00	0.00
MO_234.bin.14	p__Cyanobacteria (UID2192)	79	584	458	530	54	0	0	0	0	6.86	0.00	0.00
MO_234.bin.15	c__Gammaproteobacteria (UID4443)	356	451	270	297	154	0	0	0	0	29.69	0.00	0.00
MO_234.bin.2	root (UID1)	5656	56	24	56	0	0	0	0	0	0.00	0.00	0.00
MO_234.bin.3	root (UID1)	5656	56	24	56	0	0	0	0	0	0.00	0.00	0.00
MO_234.bin.4	p__Cyanobacteria (UID2192)	79	584	458	473	111	0	0	0	0	16.20	0.00	0.00
MO_234.bin.5	k__Archaea (UID2)	207	149	107	83	53	9	4	0	0	40.53	8.70	4.76
MO_234.bin.6	c__Gammaproteobacteria (UID4267)	119	544	284	176	367	1	0	0	0	65.83	0.35	0.00
MO_234.bin.7	p__Cyanobacteria (UID2192)	79	584	458	459	125	0	0	0	0	20.74	0.00	0.00
MO_234.bin.8	k__Bacteria (UID203)	5449	104	58	81	23	0	0	0	0	31.90	0.00	0.00
MO_234.bin.9	root (UID1)	5656	56	24	56	0	0	0	0	0	0.00	0.00	0.00
MO_236.bin.1	c__Alphaproteobacteria (UID3305)	564	349	230	209	137	3	0	0	0	41.95	0.87	0.00
MO_236.bin.10	k__Bacteria (UID203)	5449	103	58	100	3	0	0	0	0	3.45	0.00	0.00
MO_236.bin.11	p__Cyanobacteria (UID2189)	82	579	450	182	396	1	0	0	0	68.15	0.11	0.00
MO_236.bin.12	k__Bacteria (UID203)	5449	104	58	87	17	0	0	0	0	14.73	0.00	0.00
MO_236.bin.13	c__Deltaproteobacteria (UID3216)	83	247	155	142	104	1	0	0	0	39.55	0.22	0.00
MO_236.bin.14	c__Deltaproteobacteria (UID3216)	83	247	155	197	49	1	0	0	0	13.27	0.65	0.00
MO_236.bin.15	c__Gammaproteobacteria (UID4267)	119	544	284	475	69	0	0	0	0	13.21	0.00	0.00
MO_236.bin.16	root (UID1)	5656	56	24	56	0	0	0	0	0	0.00	0.00	0.00
MO_236.bin.2	root (UID1)	5656	56	24	56	0	0	0	0	0	0.00	0.00	0.00
MO_236.bin.3	k__Bacteria (UID1453)	901	171	117	140	31	0	0	0	0	13.85	0.00	0.00
MO_236.bin.4	c__Deltaproteobacteria (UID3216)	83	247	155	29	217	1	0	0	0	83.87	0.16	0.00
MO_236.bin.5	c__Deltaproteobacteria (UID3216)	83	247	155	148	96	3	0	0	0	34.17	1.94	66.67
MO_236.bin.6	k__Bacteria (UID203)	5449	104	58	103	1	0	0	0	0	1.72	0.00	0.00
MO_236.bin.7	p__Cyanobacteria (UID2192)	79	584	458	184	379	21	0	0	0	68.14	3.51	42.86
MO_236.bin.8	p__Cyanobacteria (UID2192)	79	584	458	294	288	2	0	0	0	45.30	0.44	0.00
MO_236.bin.9	p__Cyanobacteria (UID2192)	79	584	458	541	43	0	0	0	0	3.80	0.00	0.00
