user_genome	classification	fastani_reference	fastani_reference_radius	fastani_taxonomy	fastani_ani	fastani_af	closest_placement_reference	closest_placement_radius	closest_placement_taxonomy	closest_placement_ani	closest_placement_af	pplacer_taxonomy	classification_method	note	other_related_references(genome_id,species_name,radius,ANI,AF)	msa_percent	translation_table	red_value	warnings
MO_004.bin.3	d__Bacteria;p__Proteobacteria;c__Alphaproteobacteria;o__Kiloniellales;f__CECT-8803;g__;s__	N/A	N/A	N/A	N/A	N/A	GCF_014191775.1	95.0	d__Bacteria;p__Proteobacteria;c__Alphaproteobacteria;o__Kiloniellales;f__CECT-8803;g__Limibacillus;s__Limibacillus halophilus	76.0	0.07	d__Bacteria;p__Proteobacteria;c__Alphaproteobacteria;o__Kiloniellales;f__;g__;s__	taxonomic classification defined by topology and ANI	N/A	N/A	74.41	11	0.764298239978906	N/A
MO_004.bin.7	d__Bacteria;p__Desulfobacterota;c__Desulfobacteria;o__Desulfobacterales;f__UBA5852;g__JABZFP01;s__	N/A	N/A	N/A	N/A	N/A	GCA_014237395.1	95.0	d__Bacteria;p__Desulfobacterota;c__Desulfobacteria;o__Desulfobacterales;f__UBA5852;g__JABZFP01;s__JABZFP01 sp014237395	77.33	0.22	d__Bacteria;p__Desulfobacterota;c__Desulfobacteria;o__Desulfobacterales;f__UBA5852;g__;s__	taxonomic classification defined by topology and ANI	N/A	N/A	68.81	11	0.8749390291936286	Genome has more than 10.8% of markers with multiple hits
MO_005.bin.11	d__Bacteria;p__Desulfobacterota;c__Desulfobacteria;o__Desulfobacterales;f__;g__;s__	N/A	N/A	N/A	N/A	N/A	N/A	N/A	N/A	N/A	N/A	d__Bacteria;p__Desulfobacterota;c__Desulfobacteria;o__Desulfobacterales;f__;g__;s__	taxonomic classification fully defined by topology	N/A	N/A	92.63	11	0.74704278129884	N/A
MO_005.bin.12	d__Bacteria;p__Proteobacteria;c__Alphaproteobacteria;o__Caulobacterales;f__Hyphomonadaceae;g__Henriciella;s__	N/A	N/A	N/A	N/A	N/A	N/A	N/A	N/A	N/A	N/A	d__Bacteria;p__Proteobacteria;c__Alphaproteobacteria;o__Caulobacterales;f__Hyphomonadaceae;g__Henriciella;s__	ANI	N/A	GCF_001854405.1, s__Henriciella sp001854405, 95.0, 77.53, 0.23; GCA_013214545.1, s__Henriciella sp013214545, 95.0, 77.22, 0.23; GCF_002088945.1, s__Henriciella pelagia, 95.0, 77.14, 0.12; GCF_003576285.1, s__Henriciella sp003576285, 95.0, 77.06, 0.13; GCF_003576245.1, s__Henriciella algicola, 95.0, 77.04, 0.12; GCA_012960415.1, s__Henriciella sp012960415, 95.0, 76.95, 0.11; GCF_002088975.1, s__Henriciella aquimarina, 95.0, 76.86, 0.14; GCF_002088935.1, s__Henriciella litoralis, 95.0, 76.8, 0.12; GCF_003576345.1, s__Henriciella barbarensis, 95.0, 76.75, 0.12; GCF_000376805.1, s__Henriciella marina, 95.0, 76.69, 0.13; GCA_013213785.1, s__Henriciella sp013213785, 95.0, 76.66, 0.17; GCA_002733705.1, s__Henriciella sp002733705, 95.0, 76.59, 0.13; GCA_013213825.1, s__Henriciella sp013213825, 95.0, 76.52, 0.15; GCA_002172915.1, s__Henriciella sp002172915, 95.0, 75.92, 0.07	95.26	11	0.9543601975234451	N/A
MO_005.bin.18	d__Bacteria;p__Proteobacteria;c__Alphaproteobacteria;o__Sphingomonadales;f__Sphingomonadaceae;g__Erythrobacter;s__	N/A	N/A	N/A	N/A	N/A	GCF_001542875.1	95.0	d__Bacteria;p__Proteobacteria;c__Alphaproteobacteria;o__Sphingomonadales;f__Sphingomonadaceae;g__Erythrobacter;s__Erythrobacter sp001542875	77.98	0.29	d__Bacteria;p__Proteobacteria;c__Alphaproteobacteria;o__Sphingomonadales;f__Sphingomonadaceae;g__Erythrobacter;s__	taxonomic classification defined by topology and ANI	N/A	GCA_011765465.1, s__Erythrobacter sp011765465, 95.0, 79.37, 0.47; GCF_900105095.1, s__Erythrobacter sp900105095, 95.0, 79.22, 0.49; GCA_000714765.1, s__Erythrobacter sp000714765, 95.0, 79.19, 0.43; GCF_001719165.1, s__Erythrobacter litoralis, 95.0, 79.17, 0.45; GCF_001677335.1, s__Erythrobacter dokdonensis, 95.0, 79.06, 0.42; GCF_001720465.1, s__Erythrobacter sp001720465, 95.0, 79.0, 0.4; GCF_003264115.1, s__Erythrobacter sp003264115, 95.0, 78.99, 0.4; GCF_002155685.1, s__Erythrobacter colymbi, 95.0, 78.97, 0.4; GCF_006542605.1, s__Erythrobacter sp006542605, 95.0, 78.96, 0.4; GCF_000331285.1, s__Erythrobacter sp000331285, 95.0, 78.92, 0.44; GCA_013822695.1, s__Erythrobacter sp013822695, 95.0, 78.91, 0.39; GCF_002215495.1, s__Erythrobacter sp002215495, 95.0, 78.9, 0.4; GCF_002155425.1, s__Erythrobacter donghaensis, 95.0, 78.87, 0.4; GCF_002952215.1, s__Erythrobacter sp002952215, 95.0, 78.86, 0.38; GCA_903934325.1, s__Erythrobacter sp903934325, 95.0, 78.86, 0.45; GCF_001663175.1, s__Erythrobacter neustonensis, 95.0, 78.84, 0.37; GCA_011054555.1, s__Erythrobacter sp011054555, 95.0, 78.83, 0.47; GCF_900143235.1, s__Erythrobacter sanguineus, 95.0, 78.77, 0.43; GCF_001556995.1, s__Erythrobacter sp001556995, 95.0, 78.75, 0.37; GCF_001557325.1, s__Erythrobacter donghaensis_B, 95.0, 78.75, 0.38; GCA_013911835.1, s__Erythrobacter sp013911835, 95.0, 78.69, 0.34; GCF_000744895.1, s__Erythrobacter sp000744895, 95.0, 78.68, 0.41; GCF_000152865.1, s__Erythrobacter sp000152865, 95.0, 78.63, 0.4; GCF_009905735.1, s__Erythrobacter sp009905735, 95.0, 78.61, 0.37; GCF_001557115.1, s__Erythrobacter sp001557115, 95.0, 78.61, 0.36; GCF_002855495.1, s__Erythrobacter sp002855495, 95.0, 78.61, 0.34; GCF_002155695.1, s__Erythrobacter tepidarius, 95.0, 78.6, 0.41; GCF_009828055.1, s__Erythrobacter ramosus, 95.0, 78.58, 0.36; GCF_009363635.1, s__Erythrobacter sp009363635, 95.0, 78.58, 0.39; GCA_002706445.1, s__Erythrobacter sp002706445, 95.0, 78.53, 0.4; GCA_003724185.1, s__Erythrobacter sp003724185, 95.0, 78.49, 0.39; GCF_000422985.1, s__Erythrobacter cryptus, 95.0, 78.3, 0.41; GCA_001724215.1, s__Erythrobacter sp001724215, 95.0, 78.28, 0.36; GCA_004292705.1, s__Erythrobacter sp004292705, 95.0, 78.28, 0.39; GCA_001464915.1, s__Erythrobacter sp001464915, 95.0, 78.25, 0.33; GCA_002842735.1, s__Erythrobacter sp002842735, 95.0, 78.25, 0.39; GCF_001296025.1, s__Erythrobacter sp001296025, 95.0, 78.18, 0.35; GCA_009995225.1, s__Erythrobacter sp009995225, 95.0, 78.1, 0.37; GCA_002842925.1, s__Erythrobacter sp002842925, 95.0, 77.95, 0.33; GCA_002482865.1, s__Erythrobacter sp002482865, 95.0, 77.94, 0.33; GCA_013214365.1, s__Erythrobacter sp013214365, 95.0, 77.72, 0.34; GCF_000715015.1, s__Erythrobacter longus, 95.0, 77.65, 0.27; GCF_007004095.1, s__Erythrobacter sp007004095, 95.0, 77.62, 0.25; GCA_900149685.1, s__Erythrobacter sp900149685, 95.0, 77.0, 0.18	96.43	11	0.9848570000600464	N/A
MO_005.bin.4	d__Bacteria;p__Proteobacteria;c__Alphaproteobacteria;o__Kiloniellales;f__CECT-8803;g__;s__	N/A	N/A	N/A	N/A	N/A	GCF_014191775.1	95.0	d__Bacteria;p__Proteobacteria;c__Alphaproteobacteria;o__Kiloniellales;f__CECT-8803;g__Limibacillus;s__Limibacillus halophilus	76.01	0.06	d__Bacteria;p__Proteobacteria;c__Alphaproteobacteria;o__Kiloniellales;f__;g__;s__	taxonomic classification defined by topology and ANI	N/A	N/A	67.04	11	0.7668945324235948	N/A
MO_005.bin.9	d__Bacteria;p__Proteobacteria;c__Alphaproteobacteria;o__Rhodobacterales;f__Rhodobacteraceae;g__;s__	N/A	N/A	N/A	N/A	N/A	N/A	N/A	N/A	N/A	N/A	d__Bacteria;p__Proteobacteria;c__Alphaproteobacteria;o__Rhodobacterales;f__Rhodobacteraceae;g__;s__	taxonomic classification fully defined by topology	N/A	N/A	96.78	11	0.8932220391751209	N/A
MO_035.bin.13	d__Bacteria;p__Actinobacteriota;c__Acidimicrobiia;o__UBA5794;f__UBA5794;g__;s__	N/A	N/A	N/A	N/A	N/A	N/A	N/A	N/A	N/A	N/A	d__Bacteria;p__Actinobacteriota;c__Acidimicrobiia;o__UBA5794;f__UBA5794;g__;s__	taxonomic classification fully defined by topology	N/A	N/A	83.36	11	0.774646337370088	N/A
MO_035.bin.17	d__Bacteria;p__Proteobacteria;c__Gammaproteobacteria;o__Arenicellales;f__;g__;s__	N/A	N/A	N/A	N/A	N/A	N/A	N/A	N/A	N/A	N/A	d__Bacteria;p__Proteobacteria;c__Gammaproteobacteria;o__Arenicellales;f__;g__;s__	taxonomic novelty determined using RED	N/A	N/A	89.8	11	0.6655630785590291	N/A
MO_035.bin.2	d__Bacteria;p__Proteobacteria;c__Alphaproteobacteria;o__Rhodobacterales;f__Rhodobacteraceae;g__GH1-50;s__	N/A	N/A	N/A	N/A	N/A	GCF_009830125.1	95.0	d__Bacteria;p__Proteobacteria;c__Alphaproteobacteria;o__Rhodobacterales;f__Rhodobacteraceae;g__GH1-50;s__GH1-50 sp009830125	78.58	0.4	d__Bacteria;p__Proteobacteria;c__Alphaproteobacteria;o__Rhodobacterales;f__Rhodobacteraceae;g__;s__	taxonomic classification defined by topology and ANI	N/A	N/A	94.92	11	0.9445026183824963	N/A
MO_035.bin.22	d__Bacteria;p__Proteobacteria;c__Alphaproteobacteria;o__Rhizobiales;f__Stappiaceae;g__Breoghania;s__	N/A	N/A	N/A	N/A	N/A	GCF_003053845.1	95.0	d__Bacteria;p__Proteobacteria;c__Alphaproteobacteria;o__Rhizobiales;f__Stappiaceae;g__Breoghania;s__Breoghania corrubedonensis	81.45	0.67	d__Bacteria;p__Proteobacteria;c__Alphaproteobacteria;o__Rhizobiales;f__Stappiaceae;g__Breoghania;s__	taxonomic classification defined by topology and ANI	N/A	GCF_003432385.1, s__Breoghania sp003432385, 95.0, 78.26, 0.31	95.99	11	0.965404453446054	Genome not assigned to closest species as it falls outside its pre-defined ANI radius
MO_035.bin.25	d__Bacteria;p__Proteobacteria;c__Alphaproteobacteria;o__Rhodobacterales;f__Rhodobacteraceae;g__Dinoroseobacter;s__	N/A	N/A	N/A	N/A	N/A	GCF_000018145.1	95.0	d__Bacteria;p__Proteobacteria;c__Alphaproteobacteria;o__Rhodobacterales;f__Rhodobacteraceae;g__Dinoroseobacter;s__Dinoroseobacter shibae	78.08	0.27	d__Bacteria;p__Proteobacteria;c__Alphaproteobacteria;o__Rhodobacterales;f__Rhodobacteraceae;g__Dinoroseobacter;s__	taxonomic classification defined by topology and ANI	N/A	GCA_013215265.1, s__Dinoroseobacter sp013215265, 95.0, 76.83, 0.07; GCA_006844665.1, s__Dinoroseobacter sp006844665, 95.0, 76.49, 0.11	91.03	11	0.926796588730534	N/A
MO_035.bin.30	d__Bacteria;p__Actinobacteriota;c__Acidimicrobiia;o__UBA5794;f__UBA5794;g__;s__	N/A	N/A	N/A	N/A	N/A	N/A	N/A	N/A	N/A	N/A	d__Bacteria;p__Actinobacteriota;c__Acidimicrobiia;o__UBA5794;f__UBA5794;g__;s__	taxonomic classification fully defined by topology	N/A	N/A	87.79	11	0.7710406715657977	N/A
MO_035.bin.4	d__Bacteria;p__Planctomycetota;c__UBA1135;o__PLA2;f__;g__;s__	N/A	N/A	N/A	N/A	N/A	GCA_011525755.1	95.0	d__Bacteria;p__Planctomycetota;c__UBA1135;o__PLA2;f__PLA2;g__PLA2;s__PLA2 sp011525755	75.58	0.15	d__Bacteria;p__Planctomycetota;c__UBA1135;o__;f__;g__;s__	taxonomic classification defined by topology and ANI	N/A	N/A	85.07	11	0.6033277160188619	N/A
MO_071.bin.1	d__Bacteria;p__Desulfobacterota;c__Desulfobacteria;o__Desulfobacterales;f__CAFBRK01;g__;s__	N/A	N/A	N/A	N/A	N/A	GCF_903231505.1	95.0	d__Bacteria;p__Desulfobacterota;c__Desulfobacteria;o__Desulfobacterales;f__CAFBRK01;g__CAFBRK01;s__CAFBRK01 sp903231505	76.24	0.04	d__Bacteria;p__Desulfobacterota;c__Desulfobacteria;o__Desulfobacterales;f__;g__;s__	taxonomic classification defined by topology and ANI	N/A	N/A	86.5	11	0.786043909828807	N/A
MO_071.bin.17	d__Bacteria;p__Proteobacteria;c__Alphaproteobacteria;o__Kiloniellales;f__CECT-8803;g__;s__	N/A	N/A	N/A	N/A	N/A	GCF_014191775.1	95.0	d__Bacteria;p__Proteobacteria;c__Alphaproteobacteria;o__Kiloniellales;f__CECT-8803;g__Limibacillus;s__Limibacillus halophilus	76.17	0.06	d__Bacteria;p__Proteobacteria;c__Alphaproteobacteria;o__Kiloniellales;f__;g__;s__	taxonomic classification defined by topology and ANI	N/A	N/A	65.28	11	0.7633827701779188	N/A
MO_071.bin.18	d__Bacteria;p__Proteobacteria;c__Gammaproteobacteria;o__Woeseiales;f__Woeseiaceae;g__JAACFB01;s__	N/A	N/A	N/A	N/A	N/A	GCA_011772865.1	95.0	d__Bacteria;p__Proteobacteria;c__Gammaproteobacteria;o__Woeseiales;f__Woeseiaceae;g__JAACFB01;s__JAACFB01 sp011772865	79.48	0.45	d__Bacteria;p__Proteobacteria;c__Gammaproteobacteria;o__Woeseiales;f__Woeseiaceae;g__JAACFB01;s__	taxonomic classification defined by topology and ANI	N/A	GCA_013138675.1, s__JAACFB01 sp013138675, 95.0, 77.88, 0.34; GCA_009937615.1, s__JAACFB01 sp009937615, 95.0, 77.39, 0.22	87.12	11	0.9612317293809997	N/A
MO_071.bin.23	d__Bacteria;p__Actinobacteriota;c__Acidimicrobiia;o__UBA5794;f__UBA5794;g__;s__	N/A	N/A	N/A	N/A	N/A	N/A	N/A	N/A	N/A	N/A	d__Bacteria;p__Actinobacteriota;c__Acidimicrobiia;o__UBA5794;f__UBA5794;g__;s__	taxonomic classification fully defined by topology	N/A	N/A	68.39	11	0.7704364907524277	N/A
MO_074.bin.1	d__Bacteria;p__Proteobacteria;c__Gammaproteobacteria;o__GCA-2729495;f__GCA-2729495;g__J054;s__	N/A	N/A	N/A	N/A	N/A	GCA_003695765.1	95.0	d__Bacteria;p__Proteobacteria;c__Gammaproteobacteria;o__GCA-2729495;f__GCA-2729495;g__J054;s__J054 sp003695765	77.65	0.31	d__Bacteria;p__Proteobacteria;c__Gammaproteobacteria;o__GCA-2729495;f__GCA-2729495;g__;s__	taxonomic classification defined by topology and ANI	N/A	N/A	86.72	11	0.8824886636549951	N/A
MO_074.bin.10	d__Bacteria;p__Proteobacteria;c__Gammaproteobacteria;o__Woeseiales;f__Woeseiaceae;g__UBA1844;s__	N/A	N/A	N/A	N/A	N/A	GCA_002338615.1	95.0	d__Bacteria;p__Proteobacteria;c__Gammaproteobacteria;o__Woeseiales;f__Woeseiaceae;g__UBA1844;s__UBA1844 sp002338615	76.36	0.09	d__Bacteria;p__Proteobacteria;c__Gammaproteobacteria;o__Woeseiales;f__Woeseiaceae;g__;s__	taxonomic classification defined by topology and ANI	N/A	N/A	85.82	11	0.9000779539119562	N/A
MO_074.bin.17	d__Bacteria;p__Proteobacteria;c__Alphaproteobacteria;o__Kiloniellales;f__J153;g__;s__	N/A	N/A	N/A	N/A	N/A	GCA_003693905.1	95.0	d__Bacteria;p__Proteobacteria;c__Alphaproteobacteria;o__Kiloniellales;f__J153;g__J153;s__J153 sp003693905	77.53	0.36	d__Bacteria;p__Proteobacteria;c__Alphaproteobacteria;o__Kiloniellales;f__;g__;s__	taxonomic classification defined by topology and ANI	N/A	N/A	78.54	11	0.7814697233224209	N/A
MO_074.bin.2	d__Bacteria;p__Proteobacteria;c__Gammaproteobacteria;o__Woeseiales;f__Woeseiaceae;g__UBA1844;s__	N/A	N/A	N/A	N/A	N/A	GCA_002338615.1	95.0	d__Bacteria;p__Proteobacteria;c__Gammaproteobacteria;o__Woeseiales;f__Woeseiaceae;g__UBA1844;s__UBA1844 sp002338615	76.82	0.11	d__Bacteria;p__Proteobacteria;c__Gammaproteobacteria;o__Woeseiales;f__Woeseiaceae;g__;s__	taxonomic classification defined by topology and ANI	N/A	N/A	82.63	11	0.9084181811110494	N/A
MO_074.bin.23	d__Bacteria;p__Proteobacteria;c__Gammaproteobacteria;o__Woeseiales;f__Woeseiaceae;g__UBA1844;s__	N/A	N/A	N/A	N/A	N/A	GCA_002338615.1	95.0	d__Bacteria;p__Proteobacteria;c__Gammaproteobacteria;o__Woeseiales;f__Woeseiaceae;g__UBA1844;s__UBA1844 sp002338615	76.43	0.09	d__Bacteria;p__Proteobacteria;c__Gammaproteobacteria;o__Woeseiales;f__Woeseiaceae;g__;s__	taxonomic classification defined by topology and ANI	N/A	N/A	72.72	11	0.9091842087358457	N/A
MO_074.bin.3	d__Bacteria;p__Proteobacteria;c__Alphaproteobacteria;o__Bin65;f__;g__;s__	N/A	N/A	N/A	N/A	N/A	N/A	N/A	N/A	N/A	N/A	d__Bacteria;p__Proteobacteria;c__Alphaproteobacteria;o__;f__;g__;s__	taxonomic novelty determined using RED	N/A	N/A	91.62	11	0.7048329309141952	N/A
MO_074.bin.8	d__Bacteria;p__Proteobacteria;c__Alphaproteobacteria;o__Bin95;f__;g__;s__	N/A	N/A	N/A	N/A	N/A	N/A	N/A	N/A	N/A	N/A	d__Bacteria;p__Proteobacteria;c__Alphaproteobacteria;o__;f__;g__;s__	taxonomic novelty determined using RED	N/A	N/A	75.42	11	0.6892760449713559	N/A
MO_074.bin.9	d__Bacteria;p__Proteobacteria;c__Gammaproteobacteria;o__Pseudomonadales;f__Halieaceae;g__;s__	N/A	N/A	N/A	N/A	N/A	N/A	N/A	N/A	N/A	N/A	d__Bacteria;p__Proteobacteria;c__Gammaproteobacteria;o__Pseudomonadales;f__;g__;s__	taxonomic novelty determined using RED	N/A	N/A	79.85	11	0.7823625988610415	N/A
MO_077.bin.14	d__Bacteria;p__Proteobacteria;c__Alphaproteobacteria;o__Rhodobacterales;f__Rhodobacteraceae;g__Dinoroseobacter;s__	N/A	N/A	N/A	N/A	N/A	GCF_000018145.1	95.0	d__Bacteria;p__Proteobacteria;c__Alphaproteobacteria;o__Rhodobacterales;f__Rhodobacteraceae;g__Dinoroseobacter;s__Dinoroseobacter shibae	77.79	0.28	d__Bacteria;p__Proteobacteria;c__Alphaproteobacteria;o__Rhodobacterales;f__Rhodobacteraceae;g__Dinoroseobacter;s__	taxonomic classification defined by topology and ANI	N/A	GCA_013215265.1, s__Dinoroseobacter sp013215265, 95.0, 76.71, 0.06; GCA_006844665.1, s__Dinoroseobacter sp006844665, 95.0, 76.6, 0.08	76.26	11	0.930436760842468	N/A
MO_077.bin.16	d__Bacteria;p__Proteobacteria;c__Alphaproteobacteria;o__Kiloniellales;f__CECT-8803;g__;s__	N/A	N/A	N/A	N/A	N/A	GCF_014191775.1	95.0	d__Bacteria;p__Proteobacteria;c__Alphaproteobacteria;o__Kiloniellales;f__CECT-8803;g__Limibacillus;s__Limibacillus halophilus	76.47	0.07	d__Bacteria;p__Proteobacteria;c__Alphaproteobacteria;o__Kiloniellales;f__;g__;s__	taxonomic classification defined by topology and ANI	N/A	N/A	70.42	11	0.765858726106317	Genome has more than 12.5% of markers with multiple hits
MO_077.bin.18	d__Bacteria;p__Desulfobacterota;c__Desulfobacteria;o__Desulfobacterales;f__UBA5852;g__JABZFP01;s__	N/A	N/A	N/A	N/A	N/A	GCA_014237395.1	95.0	d__Bacteria;p__Desulfobacterota;c__Desulfobacteria;o__Desulfobacterales;f__UBA5852;g__JABZFP01;s__JABZFP01 sp014237395	77.48	0.21	d__Bacteria;p__Desulfobacterota;c__Desulfobacteria;o__Desulfobacterales;f__UBA5852;g__;s__	taxonomic classification defined by topology and ANI	N/A	N/A	66.59	11	0.8725866166780292	N/A
MO_077.bin.26	d__Bacteria;p__Proteobacteria;c__Gammaproteobacteria;o__JAABTG01;f__JAABTG01;g__;s__	N/A	N/A	N/A	N/A	N/A	GCA_011389995.1	95.0	d__Bacteria;p__Proteobacteria;c__Gammaproteobacteria;o__JAABTG01;f__JAABTG01;g__JAABTG01;s__JAABTG01 sp011389995	76.45	0.09	d__Bacteria;p__Proteobacteria;c__Gammaproteobacteria;o__;f__;g__;s__	taxonomic classification defined by topology and ANI	N/A	N/A	75.86	11	0.7574144237231613	N/A
MO_082.bin.18	d__Bacteria;p__Myxococcota;c__UBA9160;o__UBA9160;f__UBA9160;g__;s__	N/A	N/A	N/A	N/A	N/A	N/A	N/A	N/A	N/A	N/A	d__Bacteria;p__Myxococcota;c__UBA9160;o__UBA9160;f__UBA9160;g__;s__	taxonomic classification fully defined by topology	N/A	N/A	80.31	11	0.8067020568059315	N/A
MO_082.bin.19	d__Bacteria;p__Desulfobacterota;c__Desulfobacteria;o__Desulfobacterales;f__UBA5852;g__JABZFP01;s__	N/A	N/A	N/A	N/A	N/A	GCA_014237395.1	95.0	d__Bacteria;p__Desulfobacterota;c__Desulfobacteria;o__Desulfobacterales;f__UBA5852;g__JABZFP01;s__JABZFP01 sp014237395	76.93	0.2	d__Bacteria;p__Desulfobacterota;c__Desulfobacteria;o__Desulfobacterales;f__UBA5852;g__;s__	taxonomic classification defined by topology and ANI	N/A	N/A	60.17	11	0.8741379598310234	Genome has more than 10.0% of markers with multiple hits
MO_082.bin.22	d__Bacteria;p__Desulfobacterota;c__Desulfobacteria;o__Desulfobacterales;f__UBA5852;g__JABZFP01;s__	N/A	N/A	N/A	N/A	N/A	GCA_014237395.1	95.0	d__Bacteria;p__Desulfobacterota;c__Desulfobacteria;o__Desulfobacterales;f__UBA5852;g__JABZFP01;s__JABZFP01 sp014237395	77.29	0.21	d__Bacteria;p__Desulfobacterota;c__Desulfobacteria;o__Desulfobacterales;f__UBA5852;g__;s__	taxonomic classification defined by topology and ANI	N/A	N/A	68.87	11	0.8758995649210166	Genome has more than 10.8% of markers with multiple hits
MO_082.bin.25	d__Bacteria;p__Proteobacteria;c__Gammaproteobacteria;o__JAABTG01;f__JAABTG01;g__;s__	N/A	N/A	N/A	N/A	N/A	GCA_011389995.1	95.0	d__Bacteria;p__Proteobacteria;c__Gammaproteobacteria;o__JAABTG01;f__JAABTG01;g__JAABTG01;s__JAABTG01 sp011389995	76.95	0.1	d__Bacteria;p__Proteobacteria;c__Gammaproteobacteria;o__;f__;g__;s__	taxonomic classification defined by topology and ANI	N/A	N/A	63.49	11	0.7572593158412818	Genome has more than 10.8% of markers with multiple hits
MO_082.bin.26	d__Bacteria;p__Myxococcota;c__UBA9160;o__UBA9160;f__SMWR01;g__;s__	N/A	N/A	N/A	N/A	N/A	GCA_002729515.1	95.0	d__Bacteria;p__Myxococcota;c__UBA9160;o__UBA9160;f__SMWR01;g__GCA-2729515;s__GCA-2729515 sp002729515	77.39	0.3	d__Bacteria;p__Myxococcota;c__UBA9160;o__UBA9160;f__SMWR01;g__;s__	taxonomic classification defined by topology and ANI	N/A	N/A	80.56	11	0.8251460416291142	Genome has more than 10.8% of markers with multiple hits
MO_082.bin.33	d__Bacteria;p__Proteobacteria;c__Alphaproteobacteria;o__Kiloniellales;f__CECT-8803;g__;s__	N/A	N/A	N/A	N/A	N/A	GCF_014191775.1	95.0	d__Bacteria;p__Proteobacteria;c__Alphaproteobacteria;o__Kiloniellales;f__CECT-8803;g__Limibacillus;s__Limibacillus halophilus	75.81	0.07	d__Bacteria;p__Proteobacteria;c__Alphaproteobacteria;o__Kiloniellales;f__;g__;s__	taxonomic classification defined by topology and ANI	N/A	N/A	73.04	11	0.764669905499591	Genome has more than 10.8% of markers with multiple hits
MO_102.bin.8	d__Bacteria;p__Desulfobacterota;c__Desulfobacteria;o__Desulfobacterales;f__CAFBRK01;g__;s__	N/A	N/A	N/A	N/A	N/A	GCF_903231505.1	95.0	d__Bacteria;p__Desulfobacterota;c__Desulfobacteria;o__Desulfobacterales;f__CAFBRK01;g__CAFBRK01;s__CAFBRK01 sp903231505	76.43	0.04	d__Bacteria;p__Desulfobacterota;c__Desulfobacteria;o__Desulfobacterales;f__;g__;s__	taxonomic classification defined by topology and ANI	N/A	N/A	73.34	11	0.7891440621640433	N/A
MO_103.bin.15	d__Bacteria;p__Proteobacteria;c__Gammaproteobacteria;o__Chromatiales;f__Sedimenticolaceae;g__;s__	N/A	N/A	N/A	N/A	N/A	N/A	N/A	N/A	N/A	N/A	d__Bacteria;p__Proteobacteria;c__Gammaproteobacteria;o__Chromatiales;f__Sedimenticolaceae;g__;s__	taxonomic classification fully defined by topology	N/A	N/A	76.63	11	0.878568487877582	N/A
MO_103.bin.18	d__Bacteria;p__Proteobacteria;c__Gammaproteobacteria;o__GCA-001735895;f__GCA-001735895;g__JACNJF01;s__	N/A	N/A	N/A	N/A	N/A	GCA_014382695.1	95.0	d__Bacteria;p__Proteobacteria;c__Gammaproteobacteria;o__GCA-001735895;f__GCA-001735895;g__JACNJF01;s__JACNJF01 sp014382695	76.64	0.12	d__Bacteria;p__Proteobacteria;c__Gammaproteobacteria;o__GCA-001735895;f__GCA-001735895;g__;s__	taxonomic classification defined by topology and ANI	N/A	N/A	70.06	11	0.8870254266057969	N/A
MO_103.bin.26	d__Bacteria;p__Proteobacteria;c__Gammaproteobacteria;o__GCA-001735895;f__GCA-001735895;g__JACNJF01;s__	N/A	N/A	N/A	N/A	N/A	GCA_014382695.1	95.0	d__Bacteria;p__Proteobacteria;c__Gammaproteobacteria;o__GCA-001735895;f__GCA-001735895;g__JACNJF01;s__JACNJF01 sp014382695	76.72	0.09	d__Bacteria;p__Proteobacteria;c__Gammaproteobacteria;o__GCA-001735895;f__GCA-001735895;g__;s__	taxonomic classification defined by topology and ANI	N/A	N/A	78.62	11	0.882866338403719	N/A
MO_133.bin.10	d__Bacteria;p__Cyanobacteria;c__Cyanobacteriia;o__Cyanobacteriales;f__Microcystaceae;g__Crocosphaera;s__	N/A	N/A	N/A	N/A	N/A	GCF_000167195.1	95.0	d__Bacteria;p__Cyanobacteria;c__Cyanobacteriia;o__Cyanobacteriales;f__Microcystaceae;g__Crocosphaera;s__Crocosphaera watsonii	81.99	0.62	d__Bacteria;p__Cyanobacteria;c__Cyanobacteriia;o__Cyanobacteriales;f__Microcystaceae;g__Crocosphaera;s__	taxonomic classification defined by topology and ANI	N/A	GCF_003013815.1, s__Crocosphaera sp003013815, 95.0, 83.09, 0.68; GCF_000017845.1, s__Crocosphaera subtropica, 95.0, 83.07, 0.69; GCF_002172675.1, s__Crocosphaera sp002172675, 95.0, 82.83, 0.68; GCF_000169335.1, s__Crocosphaera chwakensis, 95.0, 82.68, 0.67	82.45	11	0.9687826903488753	Genome not assigned to closest species as it falls outside its pre-defined ANI radius
MO_133.bin.26	d__Bacteria;p__Proteobacteria;c__Gammaproteobacteria;o__JAABTG01;f__JAABTG01;g__;s__	N/A	N/A	N/A	N/A	N/A	GCA_011389995.1	95.0	d__Bacteria;p__Proteobacteria;c__Gammaproteobacteria;o__JAABTG01;f__JAABTG01;g__JAABTG01;s__JAABTG01 sp011389995	76.68	0.1	d__Bacteria;p__Proteobacteria;c__Gammaproteobacteria;o__;f__;g__;s__	taxonomic classification defined by topology and ANI	N/A	N/A	76.83	11	0.7549724262171753	N/A
MO_133.bin.28	d__Bacteria;p__Desulfobacterota;c__Desulfobacteria;o__Desulfobacterales;f__UBA5852;g__JABZFP01;s__	N/A	N/A	N/A	N/A	N/A	GCA_014237395.1	95.0	d__Bacteria;p__Desulfobacterota;c__Desulfobacteria;o__Desulfobacterales;f__UBA5852;g__JABZFP01;s__JABZFP01 sp014237395	77.0	0.2	d__Bacteria;p__Desulfobacterota;c__Desulfobacteria;o__Desulfobacterales;f__UBA5852;g__;s__	taxonomic classification defined by topology and ANI	N/A	N/A	59.22	11	0.8694372921769796	Genome has more than 22.5% of markers with multiple hits
MO_133.bin.34	d__Bacteria;p__Proteobacteria;c__Alphaproteobacteria;o__Kiloniellales;f__CECT-8803;g__;s__	N/A	N/A	N/A	N/A	N/A	GCF_014191775.1	95.0	d__Bacteria;p__Proteobacteria;c__Alphaproteobacteria;o__Kiloniellales;f__CECT-8803;g__Limibacillus;s__Limibacillus halophilus	76.02	0.07	d__Bacteria;p__Proteobacteria;c__Alphaproteobacteria;o__Kiloniellales;f__;g__;s__	taxonomic classification defined by topology and ANI	N/A	N/A	57.18	11	0.7677827277077254	Genome has more than 11.7% of markers with multiple hits
MO_135.bin.1	d__Bacteria;p__Proteobacteria;c__Alphaproteobacteria;o__Rhodobacterales;f__Rhodobacteraceae;g__Rhodobacter_B;s__	N/A	N/A	N/A	N/A	N/A	GCF_001078595.1	95.0	d__Bacteria;p__Proteobacteria;c__Alphaproteobacteria;o__Rhodobacterales;f__Rhodobacteraceae;g__Rhodobacter_B;s__Rhodobacter_B lobularis	78.61	0.39	d__Bacteria;p__Proteobacteria;c__Alphaproteobacteria;o__Rhodobacterales;f__Rhodobacteraceae;g__Rhodobacter_B;s__	taxonomic classification defined by topology and ANI	N/A	GCF_013184805.1, s__Rhodobacter_B sp013184805, 95.0, 78.49, 0.35; GCA_002701395.1, s__Rhodobacter_B sp002701395, 95.0, 78.28, 0.35	86.26	11	0.9152285976428164	N/A
MO_135.bin.14	d__Bacteria;p__Acidobacteriota;c__Holophagae;o__GCA-2747255;f__GCA-2747255;g__;s__	N/A	N/A	N/A	N/A	N/A	GCA_002747255.1	95.0	d__Bacteria;p__Acidobacteriota;c__Holophagae;o__GCA-2747255;f__GCA-2747255;g__GCA-2747255;s__GCA-2747255 sp002747255	75.53	0.02	d__Bacteria;p__Acidobacteriota;c__Holophagae;o__;f__;g__;s__	taxonomic classification defined by topology and ANI	N/A	N/A	87.65	11	0.7562845480696823	N/A
MO_135.bin.7	d__Bacteria;p__Proteobacteria;c__Alphaproteobacteria;o__Rhodobacterales;f__Rhodobacteraceae;g__;s__	N/A	N/A	N/A	N/A	N/A	N/A	N/A	N/A	N/A	N/A	d__Bacteria;p__Proteobacteria;c__Alphaproteobacteria;o__Rhodobacterales;f__Rhodobacteraceae;g__;s__	taxonomic classification fully defined by topology	N/A	N/A	76.69	11	0.9419407572839724	N/A
MO_140.bin.12	d__Bacteria;p__Desulfobacterota;c__Desulfobacteria;o__Desulfobacterales;f__UBA5852;g__JABZFP01;s__	N/A	N/A	N/A	N/A	N/A	GCA_014237395.1	95.0	d__Bacteria;p__Desulfobacterota;c__Desulfobacteria;o__Desulfobacterales;f__UBA5852;g__JABZFP01;s__JABZFP01 sp014237395	77.0	0.2	d__Bacteria;p__Desulfobacterota;c__Desulfobacteria;o__Desulfobacterales;f__UBA5852;g__;s__	taxonomic classification defined by topology and ANI	N/A	N/A	79.57	11	0.8762970377106427	N/A
MO_140.bin.15	d__Bacteria;p__Desulfobacterota;c__Desulfobacteria;o__Desulfobacterales;f__SG8-13;g__;s__	N/A	N/A	N/A	N/A	N/A	GCA_001303025.1	95.0	d__Bacteria;p__Desulfobacterota;c__Desulfobacteria;o__Desulfobacterales;f__SG8-13;g__SG8-13;s__SG8-13 sp001303025	76.43	0.05	d__Bacteria;p__Desulfobacterota;c__Desulfobacteria;o__Desulfobacterales;f__;g__;s__	taxonomic classification defined by topology and ANI	N/A	N/A	80.66	11	0.795642624395042	N/A
MO_140.bin.22	d__Bacteria;p__Proteobacteria;c__Alphaproteobacteria;o__Kiloniellales;f__J153;g__;s__	N/A	N/A	N/A	N/A	N/A	GCA_003693905.1	95.0	d__Bacteria;p__Proteobacteria;c__Alphaproteobacteria;o__Kiloniellales;f__J153;g__J153;s__J153 sp003693905	77.5	0.27	d__Bacteria;p__Proteobacteria;c__Alphaproteobacteria;o__Kiloniellales;f__;g__;s__	taxonomic classification defined by topology and ANI	N/A	N/A	78.84	11	0.7848642032174591	N/A
MO_140.bin.29	d__Bacteria;p__Actinobacteriota;c__Acidimicrobiia;o__UBA5794;f__UBA5794;g__SZUA-442;s__	N/A	N/A	N/A	N/A	N/A	GCA_003235475.1	95.0	d__Bacteria;p__Actinobacteriota;c__Acidimicrobiia;o__UBA5794;f__UBA5794;g__SZUA-442;s__SZUA-442 sp003235475	77.29	0.24	d__Bacteria;p__Actinobacteriota;c__Acidimicrobiia;o__UBA5794;f__UBA5794;g__;s__	taxonomic classification defined by topology and ANI	N/A	N/A	85.63	11	0.8718433609164663	N/A
MO_140.bin.32	d__Bacteria;p__Desulfobacterota;c__Desulfobacteria;o__Desulfobacterales;f__UBA5852;g__JABZFP01;s__	N/A	N/A	N/A	N/A	N/A	GCA_014237395.1	95.0	d__Bacteria;p__Desulfobacterota;c__Desulfobacteria;o__Desulfobacterales;f__UBA5852;g__JABZFP01;s__JABZFP01 sp014237395	77.63	0.22	d__Bacteria;p__Desulfobacterota;c__Desulfobacteria;o__Desulfobacterales;f__UBA5852;g__;s__	taxonomic classification defined by topology and ANI	N/A	N/A	74.17	11	0.8735914463396636	Genome has more than 14.2% of markers with multiple hits
MO_140.bin.34	d__Bacteria;p__Proteobacteria;c__Gammaproteobacteria;o__Woeseiales;f__Woeseiaceae;g__JAACFB01;s__	N/A	N/A	N/A	N/A	N/A	GCA_011772865.1	95.0	d__Bacteria;p__Proteobacteria;c__Gammaproteobacteria;o__Woeseiales;f__Woeseiaceae;g__JAACFB01;s__JAACFB01 sp011772865	78.99	0.5	d__Bacteria;p__Proteobacteria;c__Gammaproteobacteria;o__Woeseiales;f__Woeseiaceae;g__JAACFB01;s__	taxonomic classification defined by topology and ANI	N/A	GCA_013138675.1, s__JAACFB01 sp013138675, 95.0, 77.81, 0.28; GCA_009937615.1, s__JAACFB01 sp009937615, 95.0, 77.4, 0.26	69.09	11	0.9605063488393069	N/A
MO_140.bin.35	d__Bacteria;p__Proteobacteria;c__Alphaproteobacteria;o__Kiloniellales;f__;g__;s__	N/A	N/A	N/A	N/A	N/A	N/A	N/A	N/A	N/A	N/A	d__Bacteria;p__Proteobacteria;c__Alphaproteobacteria;o__Kiloniellales;f__;g__;s__	taxonomic classification fully defined by topology	N/A	N/A	70.46	11	0.7143719545535447	Genome has more than 12.5% of markers with multiple hits
MO_140.bin.7	d__Bacteria;p__Proteobacteria;c__Gammaproteobacteria;o__GCA-001735895;f__GCA-001735895;g__GCA-001735895;s__	N/A	N/A	N/A	N/A	N/A	N/A	N/A	N/A	N/A	N/A	d__Bacteria;p__Proteobacteria;c__Gammaproteobacteria;o__GCA-001735895;f__GCA-001735895;g__GCA-001735895;s__	ANI	N/A	GCA_009937625.1, s__GCA-001735895 sp009937625, 95.0, 78.78, 0.45; GCA_001735895.1, s__GCA-001735895 sp001735895, 95.0, 77.69, 0.27; GCA_003231795.1, s__GCA-001735895 sp003231795, 95.0, 76.24, 0.13; GCA_003645435.1, s__GCA-001735895 sp003645435, 95.0, 76.18, 0.09	97.6	11	0.9349923015593977	N/A
MO_167.bin.12	d__Bacteria;p__Cyanobacteria;c__Cyanobacteriia;o__Cyanobacteriales;f__Nostocaceae;g__Calothrix_A;s__	N/A	N/A	N/A	N/A	N/A	GCF_900185595.1	95.0	d__Bacteria;p__Cyanobacteria;c__Cyanobacteriia;o__Cyanobacteriales;f__Nostocaceae;g__Calothrix_A;s__Calothrix_A rhizosoleniae	83.6	0.71	d__Bacteria;p__Cyanobacteria;c__Cyanobacteriia;o__Cyanobacteriales;f__Nostocaceae;g__;s__	taxonomic classification defined by topology and ANI	N/A	N/A	87.83	11	0.9515868070535319	Genome not assigned to closest species as it falls outside its pre-defined ANI radius
MO_167.bin.18	d__Bacteria;p__Cyanobacteria;c__Cyanobacteriia;o__Cyanobacteriales;f__Nostocaceae;g__Mastigocoleus;s__	N/A	N/A	N/A	N/A	N/A	GCF_001456025.1	95.0	d__Bacteria;p__Cyanobacteria;c__Cyanobacteriia;o__Cyanobacteriales;f__Nostocaceae;g__Mastigocoleus;s__Mastigocoleus testarum	91.8	0.87	d__Bacteria;p__Cyanobacteria;c__Cyanobacteriia;o__Cyanobacteriales;f__Nostocaceae;g__;s__	taxonomic classification defined by topology and ANI	N/A	N/A	71.23	11	0.9939368831566399	Genome not assigned to closest species as it falls outside its pre-defined ANI radius
MO_167.bin.19	d__Bacteria;p__Desulfobacterota;c__Desulfobacteria;o__Desulfobacterales;f__Desulfosarcinaceae;g__;s__	N/A	N/A	N/A	N/A	N/A	GCA_013003715.1	95.0	d__Bacteria;p__Desulfobacterota;c__Desulfobacteria;o__Desulfobacterales;f__Desulfosarcinaceae;g__JABDIN01;s__JABDIN01 sp013003715	76.11	0.04	d__Bacteria;p__Desulfobacterota;c__Desulfobacteria;o__Desulfobacterales;f__Desulfosarcinaceae;g__;s__	taxonomic classification defined by topology and ANI	N/A	N/A	87.1	11	0.8161818186473798	N/A
MO_167.bin.2	d__Bacteria;p__Proteobacteria;c__Gammaproteobacteria;o__Woeseiales;f__Woeseiaceae;g__UBA1847;s__	N/A	N/A	N/A	N/A	N/A	GCA_013042375.1	95.0	d__Bacteria;p__Proteobacteria;c__Gammaproteobacteria;o__Woeseiales;f__Woeseiaceae;g__UBA1847;s__UBA1847 sp013042375	78.61	0.41	d__Bacteria;p__Proteobacteria;c__Gammaproteobacteria;o__Woeseiales;f__Woeseiaceae;g__UBA1847;s__	taxonomic classification defined by topology and ANI	N/A	GCA_004282875.1, s__UBA1847 sp004282875, 95.0, 78.03, 0.34; GCA_009937605.1, s__UBA1847 sp009937605, 95.0, 77.7, 0.29; GCA_013043165.1, s__UBA1847 sp013043165, 95.0, 77.25, 0.21; GCA_013001045.1, s__UBA1847 sp013001045, 95.0, 76.79, 0.17; GCA_009937445.1, s__UBA1847 sp009937445, 95.0, 76.41, 0.11; GCA_002338605.1, s__UBA1847 sp002338605, 95.0, 76.2, 0.12; GCA_002685275.1, s__UBA1847 sp002685275, 95.0, 75.48, 0.01	71.01	11	0.9460922997021514	N/A
MO_167.bin.22	d__Bacteria;p__Myxococcota;c__UBA9160;o__UBA9160;f__UBA6930;g__;s__	N/A	N/A	N/A	N/A	N/A	GCA_002687015.1	95.0	d__Bacteria;p__Myxococcota;c__UBA9160;o__UBA9160;f__UBA6930;g__GCA-2687015;s__GCA-2687015 sp002687015	77.91	0.27	d__Bacteria;p__Myxococcota;c__UBA9160;o__UBA9160;f__UBA6930;g__;s__	taxonomic classification defined by topology and ANI	N/A	N/A	80.03	11	0.831642848816079	N/A
MO_167.bin.25	d__Bacteria;p__Proteobacteria;c__Gammaproteobacteria;o__Woeseiales;f__Woeseiaceae;g__UBA1847;s__	N/A	N/A	N/A	N/A	N/A	GCA_013042375.1	95.0	d__Bacteria;p__Proteobacteria;c__Gammaproteobacteria;o__Woeseiales;f__Woeseiaceae;g__UBA1847;s__UBA1847 sp013042375	78.32	0.47	d__Bacteria;p__Proteobacteria;c__Gammaproteobacteria;o__Woeseiales;f__Woeseiaceae;g__UBA1847;s__	taxonomic classification defined by topology and ANI	N/A	GCA_004282875.1, s__UBA1847 sp004282875, 95.0, 77.68, 0.34; GCA_009937605.1, s__UBA1847 sp009937605, 95.0, 77.4, 0.3; GCA_013043165.1, s__UBA1847 sp013043165, 95.0, 77.06, 0.24; GCA_013001045.1, s__UBA1847 sp013001045, 95.0, 76.97, 0.2; GCA_002338605.1, s__UBA1847 sp002338605, 95.0, 76.26, 0.11; GCA_009937445.1, s__UBA1847 sp009937445, 95.0, 76.2, 0.1; GCA_002685275.1, s__UBA1847 sp002685275, 95.0, 76.05, 0.01	71.65	11	0.9452901566179399	N/A
MO_167.bin.27	d__Bacteria;p__Cyanobacteria;c__Cyanobacteriia;o__Cyanobacteriales;f__Xenococcaceae;g__;s__	N/A	N/A	N/A	N/A	N/A	N/A	N/A	N/A	N/A	N/A	d__Bacteria;p__Cyanobacteria;c__Cyanobacteriia;o__Cyanobacteriales;f__Xenococcaceae;g__;s__	taxonomic classification fully defined by topology	N/A	N/A	87.71	11	0.9164375173383941	N/A
MO_167.bin.29	d__Bacteria;p__Proteobacteria;c__Gammaproteobacteria;o__Woeseiales;f__Woeseiaceae;g__UBA1844;s__	N/A	N/A	N/A	N/A	N/A	GCA_002338615.1	95.0	d__Bacteria;p__Proteobacteria;c__Gammaproteobacteria;o__Woeseiales;f__Woeseiaceae;g__UBA1844;s__UBA1844 sp002338615	76.32	0.07	d__Bacteria;p__Proteobacteria;c__Gammaproteobacteria;o__Woeseiales;f__Woeseiaceae;g__;s__	taxonomic classification defined by topology and ANI	N/A	N/A	97.4	11	0.8991191474006444	N/A
MO_167.bin.30	d__Bacteria;p__Chloroflexota;c__Anaerolineae;o__Promineofilales;f__Promineofilaceae;g__WTJY01;s__	N/A	N/A	N/A	N/A	N/A	GCA_011524645.1	95.0	d__Bacteria;p__Chloroflexota;c__Anaerolineae;o__Promineofilales;f__Promineofilaceae;g__WTJY01;s__WTJY01 sp011524645	75.41	0.03	d__Bacteria;p__Chloroflexota;c__Anaerolineae;o__Promineofilales;f__Promineofilaceae;g__;s__	taxonomic classification defined by topology and ANI	N/A	N/A	84.93	11	0.8948516854318193	N/A
MO_167.bin.34	d__Bacteria;p__Actinobacteriota;c__Acidimicrobiia;o__Acidimicrobiales;f__Ilumatobacteraceae;g__Ilumatobacter;s__	N/A	N/A	N/A	N/A	N/A	N/A	N/A	N/A	N/A	N/A	d__Bacteria;p__Actinobacteriota;c__Acidimicrobiia;o__Acidimicrobiales;f__Ilumatobacteraceae;g__Ilumatobacter;s__	ANI	N/A	GCF_004364865.1, s__Ilumatobacter fluminis, 95.0, 79.29, 0.44; GCA_002698945.1, s__Ilumatobacter sp002698945, 95.0, 78.81, 0.4; GCA_002748455.1, s__Ilumatobacter coccineus_A, 95.0, 76.46, 0.15	88.33	11	0.9099659721743932	N/A
MO_167.bin.37	d__Bacteria;p__Myxococcota;c__Polyangia;o__JAAYKL01;f__JAAYKL01;g__;s__	N/A	N/A	N/A	N/A	N/A	GCA_011389755.1	95.0	d__Bacteria;p__Myxococcota;c__Polyangia;o__JAAYKL01;f__JAAYKL01;g__JAABTR01;s__JAABTR01 sp011389755	76.86	0.03	d__Bacteria;p__Myxococcota;c__Polyangia;o__JAAYKL01;f__JAAYKL01;g__;s__	taxonomic classification defined by topology and ANI	N/A	N/A	82.33	11	0.7981251423287872	Genome has more than 15.0% of markers with multiple hits
MO_167.bin.39	d__Bacteria;p__Proteobacteria;c__Gammaproteobacteria;o__Chromatiales;f__Sedimenticolaceae;g__41T-STBD-0c-01a;s__	N/A	N/A	N/A	N/A	N/A	GCF_002009425.1	95.0	d__Bacteria;p__Proteobacteria;c__Gammaproteobacteria;o__Chromatiales;f__Sedimenticolaceae;g__41T-STBD-0c-01a;s__41T-STBD-0c-01a sp002009425	79.45	0.42	d__Bacteria;p__Proteobacteria;c__Gammaproteobacteria;o__Chromatiales;f__Sedimenticolaceae;g__;s__	taxonomic classification defined by topology and ANI	N/A	N/A	92.75	11	0.9243999418718309	N/A
MO_167.bin.4	d__Bacteria;p__Desulfobacterota;c__Desulfobacteria;o__Desulfobacterales;f__UBA5852;g__JABZFP01;s__	N/A	N/A	N/A	N/A	N/A	GCA_014237395.1	95.0	d__Bacteria;p__Desulfobacterota;c__Desulfobacteria;o__Desulfobacterales;f__UBA5852;g__JABZFP01;s__JABZFP01 sp014237395	77.29	0.22	d__Bacteria;p__Desulfobacterota;c__Desulfobacteria;o__Desulfobacterales;f__UBA5852;g__;s__	taxonomic classification defined by topology and ANI	N/A	N/A	79.41	11	0.8718224843128775	N/A
MO_167.bin.41	d__Bacteria;p__Cyanobacteria;c__Cyanobacteriia;o__Cyanobacteriales;f__Prochloraceae;g__;s__	N/A	N/A	N/A	N/A	N/A	N/A	N/A	N/A	N/A	N/A	d__Bacteria;p__Cyanobacteria;c__Cyanobacteriia;o__Cyanobacteriales;f__;g__;s__	taxonomic novelty determined using RED	N/A	N/A	81.91	11	0.8681719965632284	N/A
MO_167.bin.42	d__Bacteria;p__Cyanobacteria;c__Cyanobacteriia;o__Cyanobacteriales;f__Nostocaceae;g__Calothrix_A;s__	N/A	N/A	N/A	N/A	N/A	GCF_900185595.1	95.0	d__Bacteria;p__Cyanobacteria;c__Cyanobacteriia;o__Cyanobacteriales;f__Nostocaceae;g__Calothrix_A;s__Calothrix_A rhizosoleniae	85.84	0.63	d__Bacteria;p__Cyanobacteria;c__Cyanobacteriia;o__Cyanobacteriales;f__Nostocaceae;g__;s__	taxonomic classification defined by topology and ANI	N/A	N/A	68.77	11	0.9713106763741228	N/A
MO_167.bin.44	d__Bacteria;p__Desulfobacterota;c__Desulfobacteria;o__Desulfobacterales;f__Desulfosarcinaceae;g__Desulfosarcina;s__	N/A	N/A	N/A	N/A	N/A	GCF_009688965.1	95.0	d__Bacteria;p__Desulfobacterota;c__Desulfobacteria;o__Desulfobacterales;f__Desulfosarcinaceae;g__Desulfosarcina;s__Desulfosarcina widdelii	78.92	0.34	d__Bacteria;p__Desulfobacterota;c__Desulfobacteria;o__Desulfobacterales;f__Desulfosarcinaceae;g__Desulfosarcina;s__	taxonomic classification defined by topology and ANI	N/A	GCA_014237405.1, s__Desulfosarcina sp014237405, 95.0, 79.36, 0.33; GCF_009688945.1, s__Desulfosarcina alkanivorans, 95.0, 79.23, 0.41; GCA_002352605.1, s__Desulfosarcina sp002352605, 95.0, 78.81, 0.36; GCF_009689005.1, s__Desulfosarcina ovata, 95.0, 78.04, 0.24; GCA_002747365.1, s__Desulfosarcina sp002747365, 95.0, 77.95, 0.27; GCF_001311845.1, s__Desulfosarcina cetonica, 95.0, 77.95, 0.2; GCA_002747175.1, s__Desulfosarcina sp002747175, 95.0, 77.77, 0.22	71.87	11	0.9322910411712723	Genome has more than 17.5% of markers with multiple hits
MO_167.bin.47	d__Bacteria;p__Cyanobacteria;c__Cyanobacteriia;o__Cyanobacteriales;f__Nostocaceae;g__;s__	N/A	N/A	N/A	N/A	N/A	N/A	N/A	N/A	N/A	N/A	d__Bacteria;p__Cyanobacteria;c__Cyanobacteriia;o__Cyanobacteriales;f__Nostocaceae;g__;s__	taxonomic classification fully defined by topology	N/A	N/A	88.54	11	0.9092394912849162	N/A
MO_167.bin.50	d__Bacteria;p__Proteobacteria;c__Gammaproteobacteria;o__Woeseiales;f__Woeseiaceae;g__UBA1847;s__	N/A	N/A	N/A	N/A	N/A	GCA_013042375.1	95.0	d__Bacteria;p__Proteobacteria;c__Gammaproteobacteria;o__Woeseiales;f__Woeseiaceae;g__UBA1847;s__UBA1847 sp013042375	78.21	0.42	d__Bacteria;p__Proteobacteria;c__Gammaproteobacteria;o__Woeseiales;f__Woeseiaceae;g__UBA1847;s__	taxonomic classification defined by topology and ANI	N/A	GCA_004282875.1, s__UBA1847 sp004282875, 95.0, 77.9, 0.33; GCA_009937605.1, s__UBA1847 sp009937605, 95.0, 77.64, 0.3; GCA_013043165.1, s__UBA1847 sp013043165, 95.0, 77.03, 0.21; GCA_013001045.1, s__UBA1847 sp013001045, 95.0, 76.97, 0.22; GCA_002338605.1, s__UBA1847 sp002338605, 95.0, 76.5, 0.11; GCA_009937445.1, s__UBA1847 sp009937445, 95.0, 75.96, 0.1; GCA_002685275.1, s__UBA1847 sp002685275, 95.0, 75.15, 0.01	81.66	11	0.9459745074665143	N/A
MO_167.bin.51	d__Bacteria;p__Cyanobacteria;c__Cyanobacteriia;o__Cyanobacteriales;f__Prochloraceae;g__;s__	N/A	N/A	N/A	N/A	N/A	N/A	N/A	N/A	N/A	N/A	d__Bacteria;p__Cyanobacteria;c__Cyanobacteriia;o__Cyanobacteriales;f__;g__;s__	taxonomic novelty determined using RED	N/A	N/A	90.37	11	0.8698903663164406	N/A
MO_167.bin.52	d__Bacteria;p__Cyanobacteria;c__Cyanobacteriia;o__Cyanobacteriales;f__Xenococcaceae;g__;s__	N/A	N/A	N/A	N/A	N/A	N/A	N/A	N/A	N/A	N/A	d__Bacteria;p__Cyanobacteria;c__Cyanobacteriia;o__Cyanobacteriales;f__Xenococcaceae;g__;s__	taxonomic classification fully defined by topology	N/A	N/A	76.77	11	0.9170641835285231	N/A
MO_167.bin.55	d__Bacteria;p__Proteobacteria;c__Alphaproteobacteria;o__UBA8366;f__GCA-2696645;g__Hwanghaeella;s__	N/A	N/A	N/A	N/A	N/A	GCF_004005845.1	95.0	d__Bacteria;p__Proteobacteria;c__Alphaproteobacteria;o__UBA8366;f__GCA-2696645;g__Hwanghaeella;s__Hwanghaeella grinnelliae	76.82	0.18	d__Bacteria;p__Proteobacteria;c__Alphaproteobacteria;o__UBA8366;f__GCA-2696645;g__;s__	taxonomic classification defined by topology and ANI	N/A	N/A	97.48	11	0.8858544774985369	N/A
MO_167.bin.6	d__Bacteria;p__Cyanobacteria;c__Cyanobacteriia;o__Cyanobacteriales;f__Microcystaceae;g__Crocosphaera;s__	N/A	N/A	N/A	N/A	N/A	GCF_000167195.1	95.0	d__Bacteria;p__Cyanobacteria;c__Cyanobacteriia;o__Cyanobacteriales;f__Microcystaceae;g__Crocosphaera;s__Crocosphaera watsonii	82.78	0.61	d__Bacteria;p__Cyanobacteria;c__Cyanobacteriia;o__Cyanobacteriales;f__Microcystaceae;g__Crocosphaera;s__	taxonomic classification defined by topology and ANI	N/A	GCF_000017845.1, s__Crocosphaera subtropica, 95.0, 83.86, 0.65; GCF_003013815.1, s__Crocosphaera sp003013815, 95.0, 83.37, 0.62; GCF_002172675.1, s__Crocosphaera sp002172675, 95.0, 83.12, 0.62; GCF_000169335.1, s__Crocosphaera chwakensis, 95.0, 83.0, 0.63	60.47	11	0.9688246050432298	Genome not assigned to closest species as it falls outside its pre-defined ANI radius
MO_180.bin.1	d__Bacteria;p__Proteobacteria;c__Gammaproteobacteria;o__Woeseiales;f__Woeseiaceae;g__JAACFB01;s__	N/A	N/A	N/A	N/A	N/A	GCA_011772865.1	95.0	d__Bacteria;p__Proteobacteria;c__Gammaproteobacteria;o__Woeseiales;f__Woeseiaceae;g__JAACFB01;s__JAACFB01 sp011772865	79.39	0.41	d__Bacteria;p__Proteobacteria;c__Gammaproteobacteria;o__Woeseiales;f__Woeseiaceae;g__JAACFB01;s__	taxonomic classification defined by topology and ANI	N/A	GCA_013138675.1, s__JAACFB01 sp013138675, 95.0, 77.78, 0.22; GCA_009937615.1, s__JAACFB01 sp009937615, 95.0, 77.44, 0.18	44.15	11	0.958862058304925	Genome has more than 25.8% of markers with multiple hits
MO_188.bin.18	d__Bacteria;p__Proteobacteria;c__Alphaproteobacteria;o__Sphingomonadales;f__Sphingomonadaceae;g__Erythrobacter;s__	N/A	N/A	N/A	N/A	N/A	GCF_001542875.1	95.0	d__Bacteria;p__Proteobacteria;c__Alphaproteobacteria;o__Sphingomonadales;f__Sphingomonadaceae;g__Erythrobacter;s__Erythrobacter sp001542875	77.62	0.27	d__Bacteria;p__Proteobacteria;c__Alphaproteobacteria;o__Sphingomonadales;f__Sphingomonadaceae;g__Erythrobacter;s__	taxonomic classification defined by topology and ANI	N/A	GCA_011765465.1, s__Erythrobacter sp011765465, 95.0, 79.08, 0.42; GCA_000714765.1, s__Erythrobacter sp000714765, 95.0, 79.06, 0.42; GCF_000152865.1, s__Erythrobacter sp000152865, 95.0, 78.92, 0.38; GCF_009363635.1, s__Erythrobacter sp009363635, 95.0, 78.9, 0.41; GCA_002706445.1, s__Erythrobacter sp002706445, 95.0, 78.87, 0.33; GCF_001719165.1, s__Erythrobacter litoralis, 95.0, 78.84, 0.4; GCF_003264115.1, s__Erythrobacter sp003264115, 95.0, 78.8, 0.39; GCF_900105095.1, s__Erythrobacter sp900105095, 95.0, 78.73, 0.43; GCF_001720465.1, s__Erythrobacter sp001720465, 95.0, 78.73, 0.37; GCF_001677335.1, s__Erythrobacter dokdonensis, 95.0, 78.68, 0.37; GCA_011054555.1, s__Erythrobacter sp011054555, 95.0, 78.59, 0.41; GCF_002155685.1, s__Erythrobacter colymbi, 95.0, 78.58, 0.38; GCF_002215495.1, s__Erythrobacter sp002215495, 95.0, 78.56, 0.38; GCA_903934325.1, s__Erythrobacter sp903934325, 95.0, 78.56, 0.37; GCF_002155425.1, s__Erythrobacter donghaensis, 95.0, 78.56, 0.38; GCA_003724185.1, s__Erythrobacter sp003724185, 95.0, 78.55, 0.32; GCF_002952215.1, s__Erythrobacter sp002952215, 95.0, 78.51, 0.33; GCF_006542605.1, s__Erythrobacter sp006542605, 95.0, 78.47, 0.38; GCF_009905735.1, s__Erythrobacter sp009905735, 95.0, 78.47, 0.33; GCF_900143235.1, s__Erythrobacter sanguineus, 95.0, 78.47, 0.38; GCF_001557325.1, s__Erythrobacter donghaensis_B, 95.0, 78.43, 0.32; GCF_000331285.1, s__Erythrobacter sp000331285, 95.0, 78.42, 0.35; GCF_001556995.1, s__Erythrobacter sp001556995, 95.0, 78.42, 0.31; GCF_000744895.1, s__Erythrobacter sp000744895, 95.0, 78.41, 0.37; GCA_013911835.1, s__Erythrobacter sp013911835, 95.0, 78.4, 0.29; GCA_013822695.1, s__Erythrobacter sp013822695, 95.0, 78.37, 0.35; GCF_002155695.1, s__Erythrobacter tepidarius, 95.0, 78.37, 0.35; GCF_009828055.1, s__Erythrobacter ramosus, 95.0, 78.3, 0.34; GCF_001557115.1, s__Erythrobacter sp001557115, 95.0, 78.27, 0.32; GCF_001663175.1, s__Erythrobacter neustonensis, 95.0, 78.22, 0.33; GCA_001464915.1, s__Erythrobacter sp001464915, 95.0, 78.16, 0.3; GCA_004292705.1, s__Erythrobacter sp004292705, 95.0, 78.14, 0.34; GCF_002855495.1, s__Erythrobacter sp002855495, 95.0, 78.12, 0.3; GCF_000422985.1, s__Erythrobacter cryptus, 95.0, 78.0, 0.33; GCA_002842735.1, s__Erythrobacter sp002842735, 95.0, 78.0, 0.32; GCF_001296025.1, s__Erythrobacter sp001296025, 95.0, 77.98, 0.33; GCA_013214365.1, s__Erythrobacter sp013214365, 95.0, 77.88, 0.28; GCA_002842925.1, s__Erythrobacter sp002842925, 95.0, 77.86, 0.28; GCA_002482865.1, s__Erythrobacter sp002482865, 95.0, 77.85, 0.31; GCA_001724215.1, s__Erythrobacter sp001724215, 95.0, 77.81, 0.29; GCA_009995225.1, s__Erythrobacter sp009995225, 95.0, 77.77, 0.3; GCF_007004095.1, s__Erythrobacter sp007004095, 95.0, 77.44, 0.24; GCF_000715015.1, s__Erythrobacter longus, 95.0, 77.19, 0.22; GCA_900149685.1, s__Erythrobacter sp900149685, 95.0, 77.13, 0.18	83.34	11	0.9835539876337074	N/A
MO_188.bin.19	d__Bacteria;p__Cyanobacteria;c__Cyanobacteriia;o__Cyanobacteriales;f__Xenococcaceae;g__;s__	N/A	N/A	N/A	N/A	N/A	N/A	N/A	N/A	N/A	N/A	d__Bacteria;p__Cyanobacteria;c__Cyanobacteriia;o__Cyanobacteriales;f__Xenococcaceae;g__;s__	taxonomic classification fully defined by topology	N/A	N/A	66.23	11	0.9168553299967587	N/A
MO_188.bin.2	d__Bacteria;p__Proteobacteria;c__Gammaproteobacteria;o__Woeseiales;f__Woeseiaceae;g__;s__	N/A	N/A	N/A	N/A	N/A	N/A	N/A	N/A	N/A	N/A	d__Bacteria;p__Proteobacteria;c__Gammaproteobacteria;o__Woeseiales;f__Woeseiaceae;g__;s__	taxonomic novelty determined using RED	N/A	N/A	78.38	11	0.879993120067175	N/A
MO_188.bin.28	d__Bacteria;p__Cyanobacteria;c__Cyanobacteriia;o__Phormidesmiales;f__Phormidesmiaceae;g__;s__	N/A	N/A	N/A	N/A	N/A	N/A	N/A	N/A	N/A	N/A	d__Bacteria;p__Cyanobacteria;c__Cyanobacteriia;o__Phormidesmiales;f__Phormidesmiaceae;g__;s__	taxonomic classification fully defined by topology	N/A	N/A	72.7	11	0.8302874045944539	N/A
MO_188.bin.29	d__Bacteria;p__Cyanobacteria;c__Cyanobacteriia;o__Cyanobacteriales;f__Xenococcaceae;g__;s__	N/A	N/A	N/A	N/A	N/A	N/A	N/A	N/A	N/A	N/A	d__Bacteria;p__Cyanobacteria;c__Cyanobacteriia;o__Cyanobacteriales;f__Xenococcaceae;g__;s__	taxonomic classification fully defined by topology	N/A	N/A	84.18	11	0.8871488605181946	N/A
MO_188.bin.31	d__Bacteria;p__Proteobacteria;c__Alphaproteobacteria;o__Rhodobacterales;f__Rhodobacteraceae;g__Rhodobacter_B;s__	N/A	N/A	N/A	N/A	N/A	GCF_001078595.1	95.0	d__Bacteria;p__Proteobacteria;c__Alphaproteobacteria;o__Rhodobacterales;f__Rhodobacteraceae;g__Rhodobacter_B;s__Rhodobacter_B lobularis	78.65	0.41	d__Bacteria;p__Proteobacteria;c__Alphaproteobacteria;o__Rhodobacterales;f__Rhodobacteraceae;g__Rhodobacter_B;s__	taxonomic classification defined by topology and ANI	N/A	GCF_013184805.1, s__Rhodobacter_B sp013184805, 95.0, 78.46, 0.35; GCA_002701395.1, s__Rhodobacter_B sp002701395, 95.0, 78.12, 0.35	78.4	11	0.9135865445974607	N/A
MO_188.bin.32	d__Bacteria;p__Cyanobacteria;c__Cyanobacteriia;o__Cyanobacteriales;f__Xenococcaceae;g__;s__	N/A	N/A	N/A	N/A	N/A	N/A	N/A	N/A	N/A	N/A	d__Bacteria;p__Cyanobacteria;c__Cyanobacteriia;o__Cyanobacteriales;f__Xenococcaceae;g__;s__	taxonomic classification fully defined by topology	N/A	N/A	81.52	11	0.8878397916110137	N/A
MO_188.bin.34	d__Bacteria;p__Cyanobacteria;c__Cyanobacteriia;o__Cyanobacteriales;f__Nostocaceae;g__Mastigocoleus;s__	N/A	N/A	N/A	N/A	N/A	GCF_001456025.1	95.0	d__Bacteria;p__Cyanobacteria;c__Cyanobacteriia;o__Cyanobacteriales;f__Nostocaceae;g__Mastigocoleus;s__Mastigocoleus testarum	91.87	0.85	d__Bacteria;p__Cyanobacteria;c__Cyanobacteriia;o__Cyanobacteriales;f__Nostocaceae;g__;s__	taxonomic classification defined by topology and ANI	N/A	N/A	89.44	11	0.9941897565430223	Genome not assigned to closest species as it falls outside its pre-defined ANI radius
MO_188.bin.35	d__Bacteria;p__Bacteroidota;c__Bacteroidia;o__Flavobacteriales;f__Flavobacteriaceae;g__;s__	N/A	N/A	N/A	N/A	N/A	N/A	N/A	N/A	N/A	N/A	d__Bacteria;p__Bacteroidota;c__Bacteroidia;o__Flavobacteriales;f__Flavobacteriaceae;g__;s__	taxonomic novelty determined using RED	N/A	N/A	77.98	11	0.8991631974758837	N/A
MO_188.bin.40	d__Bacteria;p__Proteobacteria;c__Gammaproteobacteria;o__Xanthomonadales;f__SZUA-38;g__;s__	N/A	N/A	N/A	N/A	N/A	GCA_003233095.1	95.0	d__Bacteria;p__Proteobacteria;c__Gammaproteobacteria;o__Xanthomonadales;f__SZUA-38;g__SZUA-38;s__SZUA-38 sp003233095	76.01	0.05	d__Bacteria;p__Proteobacteria;c__Gammaproteobacteria;o__Xanthomonadales;f__;g__;s__	taxonomic classification defined by topology and ANI	N/A	N/A	90.91	11	0.7860238012096993	N/A
MO_188.bin.44	d__Bacteria;p__Cyanobacteria;c__Cyanobacteriia;o__Cyanobacteriales;f__Microcystaceae;g__Crocosphaera;s__	N/A	N/A	N/A	N/A	N/A	GCF_000167195.1	95.0	d__Bacteria;p__Cyanobacteria;c__Cyanobacteriia;o__Cyanobacteriales;f__Microcystaceae;g__Crocosphaera;s__Crocosphaera watsonii	81.94	0.56	d__Bacteria;p__Cyanobacteria;c__Cyanobacteriia;o__Cyanobacteriales;f__Microcystaceae;g__Crocosphaera;s__	taxonomic classification defined by topology and ANI	N/A	GCF_003013815.1, s__Crocosphaera sp003013815, 95.0, 83.43, 0.63; GCF_000017845.1, s__Crocosphaera subtropica, 95.0, 83.4, 0.64; GCF_002172675.1, s__Crocosphaera sp002172675, 95.0, 83.31, 0.63; GCF_000169335.1, s__Crocosphaera chwakensis, 95.0, 83.05, 0.64	88.76	11	0.9678473895872328	N/A
MO_188.bin.5	d__Bacteria;p__Proteobacteria;c__Alphaproteobacteria;o__Rhizobiales;f__Rhizobiaceae;g__JAALLB01;s__	N/A	N/A	N/A	N/A	N/A	GCA_011087745.1	95.0	d__Bacteria;p__Proteobacteria;c__Alphaproteobacteria;o__Rhizobiales;f__Rhizobiaceae;g__JAALLB01;s__JAALLB01 sp011087745	76.2	0.1	d__Bacteria;p__Proteobacteria;c__Alphaproteobacteria;o__Rhizobiales;f__Rhizobiaceae;g__;s__	taxonomic classification defined by topology and ANI	N/A	N/A	76.45	11	0.9410735252063152	N/A
MO_188.bin.50	d__Bacteria;p__Proteobacteria;c__Alphaproteobacteria;o__Rhodobacterales;f__Rhodobacteraceae;g__Rhodobacter_B;s__	N/A	N/A	N/A	N/A	N/A	GCF_001078595.1	95.0	d__Bacteria;p__Proteobacteria;c__Alphaproteobacteria;o__Rhodobacterales;f__Rhodobacteraceae;g__Rhodobacter_B;s__Rhodobacter_B lobularis	78.49	0.33	d__Bacteria;p__Proteobacteria;c__Alphaproteobacteria;o__Rhodobacterales;f__Rhodobacteraceae;g__Rhodobacter_B;s__	taxonomic classification defined by topology and ANI	N/A	GCF_013184805.1, s__Rhodobacter_B sp013184805, 95.0, 78.43, 0.32; GCA_002701395.1, s__Rhodobacter_B sp002701395, 95.0, 78.35, 0.33	94.0	11	0.9110599333424919	N/A
MO_188.bin.57	d__Bacteria;p__Proteobacteria;c__Alphaproteobacteria;o__Rhodobacterales;f__Rhodobacteraceae;g__JABDJO01;s__	N/A	N/A	N/A	N/A	N/A	N/A	N/A	N/A	N/A	N/A	d__Bacteria;p__Proteobacteria;c__Alphaproteobacteria;o__Rhodobacterales;f__Rhodobacteraceae;g__;s__	taxonomic novelty determined using RED	N/A	N/A	77.33	11	0.9321451293186575	N/A
MO_188.bin.8	d__Bacteria;p__Cyanobacteria;c__Cyanobacteriia;o__Cyanobacteriales;f__Xenococcaceae;g__Xenococcus;s__	N/A	N/A	N/A	N/A	N/A	GCF_000332055.1	95.0	d__Bacteria;p__Cyanobacteria;c__Cyanobacteriia;o__Cyanobacteriales;f__Xenococcaceae;g__Xenococcus;s__Xenococcus sp000332055	79.97	0.51	d__Bacteria;p__Cyanobacteria;c__Cyanobacteriia;o__Cyanobacteriales;f__Xenococcaceae;g__;s__	taxonomic classification defined by topology and ANI	N/A	N/A	88.09	11	0.9659019104759284	N/A
MO_192.bin.10	d__Bacteria;p__Cyanobacteria;c__Cyanobacteriia;o__Cyanobacteriales;f__Nostocaceae;g__Calothrix_A;s__	N/A	N/A	N/A	N/A	N/A	GCF_900185595.1	95.0	d__Bacteria;p__Cyanobacteria;c__Cyanobacteriia;o__Cyanobacteriales;f__Nostocaceae;g__Calothrix_A;s__Calothrix_A rhizosoleniae	83.8	0.71	d__Bacteria;p__Cyanobacteria;c__Cyanobacteriia;o__Cyanobacteriales;f__Nostocaceae;g__;s__	taxonomic classification defined by topology and ANI	N/A	N/A	87.85	11	0.9511231140431948	Genome not assigned to closest species as it falls outside its pre-defined ANI radius
MO_192.bin.14	d__Bacteria;p__Desulfobacterota;c__Desulfobulbia;o__Desulfobulbales;f__Desulfocapsaceae;g__;s__	N/A	N/A	N/A	N/A	N/A	GCA_903901335.1	95.0	d__Bacteria;p__Desulfobacterota;c__Desulfobulbia;o__Desulfobulbales;f__Desulfocapsaceae;g__CAIUQR01;s__CAIUQR01 sp903901335	76.29	0.03	d__Bacteria;p__Desulfobacterota;c__Desulfobulbia;o__Desulfobulbales;f__Desulfocapsaceae;g__;s__	taxonomic classification defined by topology and ANI	N/A	N/A	74.55	11	0.8403285260421107	N/A
MO_192.bin.15	d__Bacteria;p__Cyanobacteria;c__Vampirovibrionia;o__Caenarcaniphilales;f__Caenarcanaceae;g__;s__	N/A	N/A	N/A	N/A	N/A	GCA_005110395.1	95.0	d__Bacteria;p__Cyanobacteria;c__Vampirovibrionia;o__Caenarcaniphilales;f__Caenarcanaceae;g__LMEP-10873;s__LMEP-10873 sp005110395	76.78	0.04	d__Bacteria;p__Cyanobacteria;c__Vampirovibrionia;o__Caenarcaniphilales;f__Caenarcanaceae;g__;s__	taxonomic classification defined by topology and ANI	N/A	N/A	91.01	11	0.8496444836427657	N/A
MO_192.bin.16	d__Bacteria;p__Chlamydiota;c__Chlamydiia;o__Chlamydiales;f__Simkaniaceae;g__JAAKFF01;s__	N/A	N/A	N/A	N/A	N/A	GCA_011065165.1	95.0	d__Bacteria;p__Chlamydiota;c__Chlamydiia;o__Chlamydiales;f__Simkaniaceae;g__JAAKFF01;s__JAAKFF01 sp011065165	76.3	0.05	d__Bacteria;p__Chlamydiota;c__Chlamydiia;o__Chlamydiales;f__Simkaniaceae;g__;s__	taxonomic classification defined by topology and ANI	N/A	N/A	83.24	11	0.8677314694035451	N/A
MO_192.bin.18	d__Bacteria;p__Cyanobacteria;c__Cyanobacteriia;o__Cyanobacteriales;f__Microcystaceae;g__Crocosphaera;s__	N/A	N/A	N/A	N/A	N/A	GCF_000167195.1	95.0	d__Bacteria;p__Cyanobacteria;c__Cyanobacteriia;o__Cyanobacteriales;f__Microcystaceae;g__Crocosphaera;s__Crocosphaera watsonii	82.0	0.56	d__Bacteria;p__Cyanobacteria;c__Cyanobacteriia;o__Cyanobacteriales;f__Microcystaceae;g__Crocosphaera;s__	taxonomic classification defined by topology and ANI	N/A	GCF_000017845.1, s__Crocosphaera subtropica, 95.0, 83.68, 0.65; GCF_002172675.1, s__Crocosphaera sp002172675, 95.0, 83.41, 0.64; GCF_000169335.1, s__Crocosphaera chwakensis, 95.0, 83.38, 0.63; GCF_003013815.1, s__Crocosphaera sp003013815, 95.0, 83.23, 0.62	83.88	11	0.9688360714578788	Genome not assigned to closest species as it falls outside its pre-defined ANI radius
MO_192.bin.19	d__Bacteria;p__Cyanobacteria;c__Cyanobacteriia;o__Cyanobacteriales;f__Xenococcaceae;g__Pleurocapsa;s__	N/A	N/A	N/A	N/A	N/A	GCF_000332195.1	95.0	d__Bacteria;p__Cyanobacteria;c__Cyanobacteriia;o__Cyanobacteriales;f__Xenococcaceae;g__Pleurocapsa;s__Pleurocapsa sp000332195	80.64	0.51	d__Bacteria;p__Cyanobacteria;c__Cyanobacteriia;o__Cyanobacteriales;f__Xenococcaceae;g__Pleurocapsa;s__	taxonomic classification defined by topology and ANI	N/A	GCF_002368355.1, s__Pleurocapsa sp002368355, 95.0, 77.72, 0.28; GCA_012034765.1, s__Pleurocapsa sp012034765, 95.0, 77.5, 0.29; GCF_003003995.1, s__Pleurocapsa sp003003995, 95.0, 77.46, 0.25	79.17	11	0.9749241049568462	N/A
MO_197.bin.21	d__Bacteria;p__Planctomycetota;c__UBA1135;o__PLA2;f__;g__;s__	N/A	N/A	N/A	N/A	N/A	GCA_011525755.1	95.0	d__Bacteria;p__Planctomycetota;c__UBA1135;o__PLA2;f__PLA2;g__PLA2;s__PLA2 sp011525755	75.9	0.14	d__Bacteria;p__Planctomycetota;c__UBA1135;o__;f__;g__;s__	taxonomic classification defined by topology and ANI	N/A	N/A	76.67	11	0.595472436170361	N/A
MO_197.bin.6	d__Bacteria;p__Actinobacteriota;c__Acidimicrobiia;o__UBA5794;f__UBA5794;g__;s__	N/A	N/A	N/A	N/A	N/A	N/A	N/A	N/A	N/A	N/A	d__Bacteria;p__Actinobacteriota;c__Acidimicrobiia;o__UBA5794;f__UBA5794;g__;s__	taxonomic classification fully defined by topology	N/A	N/A	72.32	11	0.7727958809721007	N/A
MO_199.bin.6	d__Bacteria;p__Cyanobacteria;c__Cyanobacteriia;o__Cyanobacteriales;f__Microcystaceae;g__Crocosphaera;s__	N/A	N/A	N/A	N/A	N/A	GCF_000167195.1	95.0	d__Bacteria;p__Cyanobacteria;c__Cyanobacteriia;o__Cyanobacteriales;f__Microcystaceae;g__Crocosphaera;s__Crocosphaera watsonii	80.12	0.48	d__Bacteria;p__Cyanobacteria;c__Cyanobacteriia;o__Cyanobacteriales;f__Microcystaceae;g__Crocosphaera;s__	taxonomic classification defined by topology and ANI	N/A	GCF_003013815.1, s__Crocosphaera sp003013815, 95.0, 80.26, 0.52; GCF_000017845.1, s__Crocosphaera subtropica, 95.0, 80.25, 0.53; GCF_002172675.1, s__Crocosphaera sp002172675, 95.0, 80.19, 0.51; GCF_000169335.1, s__Crocosphaera chwakensis, 95.0, 80.0, 0.53	79.89	11	0.9699059814176705	N/A
MO_202.bin.2	d__Bacteria;p__Cyanobacteria;c__Cyanobacteriia;o__Cyanobacteriales;f__Microcystaceae;g__Crocosphaera;s__	N/A	N/A	N/A	N/A	N/A	GCF_000167195.1	95.0	d__Bacteria;p__Cyanobacteria;c__Cyanobacteriia;o__Cyanobacteriales;f__Microcystaceae;g__Crocosphaera;s__Crocosphaera watsonii	87.08	0.64	d__Bacteria;p__Cyanobacteria;c__Cyanobacteriia;o__Cyanobacteriales;f__Microcystaceae;g__Crocosphaera;s__	taxonomic classification defined by topology and ANI	N/A	GCF_002172675.1, s__Crocosphaera sp002172675, 95.0, 81.86, 0.56; GCF_000017845.1, s__Crocosphaera subtropica, 95.0, 81.82, 0.58; GCF_003013815.1, s__Crocosphaera sp003013815, 95.0, 81.7, 0.57; GCF_000169335.1, s__Crocosphaera chwakensis, 95.0, 81.5, 0.58	92.91	11	0.983440987688275	N/A
MO_202.bin.23	d__Bacteria;p__Proteobacteria;c__Alphaproteobacteria;o__Kiloniellales;f__J153;g__;s__	N/A	N/A	N/A	N/A	N/A	GCA_003693905.1	95.0	d__Bacteria;p__Proteobacteria;c__Alphaproteobacteria;o__Kiloniellales;f__J153;g__J153;s__J153 sp003693905	77.71	0.28	d__Bacteria;p__Proteobacteria;c__Alphaproteobacteria;o__Kiloniellales;f__;g__;s__	taxonomic classification defined by topology and ANI	N/A	N/A	95.77	11	0.7832541093856132	N/A
MO_202.bin.25	d__Bacteria;p__Desulfobacterota;c__Desulfobacteria;o__Desulfobacterales;f__UBA5852;g__JABZFP01;s__	N/A	N/A	N/A	N/A	N/A	GCA_014237395.1	95.0	d__Bacteria;p__Desulfobacterota;c__Desulfobacteria;o__Desulfobacterales;f__UBA5852;g__JABZFP01;s__JABZFP01 sp014237395	77.33	0.2	d__Bacteria;p__Desulfobacterota;c__Desulfobacteria;o__Desulfobacterales;f__UBA5852;g__;s__	taxonomic classification defined by topology and ANI	N/A	N/A	77.17	11	0.8712638628755098	N/A
MO_202.bin.26	d__Bacteria;p__Proteobacteria;c__Alphaproteobacteria;o__Kiloniellales;f__CECT-8803;g__;s__	N/A	N/A	N/A	N/A	N/A	GCF_014191775.1	95.0	d__Bacteria;p__Proteobacteria;c__Alphaproteobacteria;o__Kiloniellales;f__CECT-8803;g__Limibacillus;s__Limibacillus halophilus	76.1	0.07	d__Bacteria;p__Proteobacteria;c__Alphaproteobacteria;o__Kiloniellales;f__;g__;s__	taxonomic classification defined by topology and ANI	N/A	N/A	60.79	11	0.7674160566672	Genome has more than 26.7% of markers with multiple hits
MO_207.bin.10	d__Bacteria;p__Cyanobacteria;c__Cyanobacteriia;o__Cyanobacteriales;f__Microcoleaceae;g__;s__	N/A	N/A	N/A	N/A	N/A	N/A	N/A	N/A	N/A	N/A	d__Bacteria;p__Cyanobacteria;c__Cyanobacteriia;o__Cyanobacteriales;f__Microcoleaceae;g__;s__	taxonomic classification fully defined by topology	N/A	N/A	77.45	11	0.9200014980915501	N/A
MO_207.bin.15	d__Bacteria;p__Cyanobacteria;c__Cyanobacteriia;o__Cyanobacteriales;f__Xenococcaceae;g__;s__	N/A	N/A	N/A	N/A	N/A	N/A	N/A	N/A	N/A	N/A	d__Bacteria;p__Cyanobacteria;c__Cyanobacteriia;o__Cyanobacteriales;f__Xenococcaceae;g__;s__	taxonomic classification fully defined by topology	N/A	N/A	87.71	11	0.9169197556400016	N/A
MO_207.bin.6	d__Bacteria;p__Actinobacteriota;c__Acidimicrobiia;o__UBA5794;f__UBA5794;g__;s__	N/A	N/A	N/A	N/A	N/A	N/A	N/A	N/A	N/A	N/A	d__Bacteria;p__Actinobacteriota;c__Acidimicrobiia;o__UBA5794;f__UBA5794;g__;s__	taxonomic classification fully defined by topology	N/A	N/A	71.01	11	0.7759000835227258	N/A
MO_226.bin.1	d__Bacteria;p__Proteobacteria;c__Alphaproteobacteria;o__Rhizobiales;f__Methyloligellaceae;g__Methyloceanibacter;s__	N/A	N/A	N/A	N/A	N/A	N/A	N/A	N/A	N/A	N/A	d__Bacteria;p__Proteobacteria;c__Alphaproteobacteria;o__Rhizobiales;f__Methyloligellaceae;g__Methyloceanibacter;s__	ANI	N/A	GCF_003071365.1, s__Methyloceanibacter sp003071365, 95.0, 81.12, 0.62; GCF_001723355.1, s__Methyloceanibacter stevinii, 95.0, 80.98, 0.63; GCF_000828475.1, s__Methyloceanibacter caenitepidi, 95.0, 80.94, 0.62; GCF_001723285.1, s__Methyloceanibacter methanicus, 95.0, 80.39, 0.56; GCA_002482645.1, s__Methyloceanibacter sp002482645, 95.0, 79.25, 0.47; GCF_001723295.1, s__Methyloceanibacter marginalis, 95.0, 77.78, 0.29; GCF_001723305.1, s__Methyloceanibacter superfactus, 95.0, 77.69, 0.29; GCA_002390155.1, s__Methyloceanibacter sp002390155, 95.0, 77.65, 0.34; GCA_003135455.1, s__Methyloceanibacter sp003135455, 95.0, 76.64, 0.17; GCA_014380485.1, s__Methyloceanibacter sp014380485, 95.0, 76.61, 0.22; GCA_002383105.1, s__Methyloceanibacter sp002383105, 95.0, 76.5, 0.21	91.4	11	0.9861264761169662	N/A
MO_226.bin.13	d__Bacteria;p__Cyanobacteria;c__Cyanobacteriia;o__Cyanobacteriales;f__Xenococcaceae;g__Pleurocapsa;s__	N/A	N/A	N/A	N/A	N/A	GCF_000332195.1	95.0	d__Bacteria;p__Cyanobacteria;c__Cyanobacteriia;o__Cyanobacteriales;f__Xenococcaceae;g__Pleurocapsa;s__Pleurocapsa sp000332195	78.68	0.33	d__Bacteria;p__Cyanobacteria;c__Cyanobacteriia;o__Cyanobacteriales;f__Xenococcaceae;g__Pleurocapsa;s__	taxonomic classification defined by topology and ANI	N/A	GCF_003003995.1, s__Pleurocapsa sp003003995, 95.0, 77.52, 0.31; GCA_012034765.1, s__Pleurocapsa sp012034765, 95.0, 77.52, 0.34; GCF_002368355.1, s__Pleurocapsa sp002368355, 95.0, 77.49, 0.26	85.77	11	0.9714648039745268	Genome has more than 10.8% of markers with multiple hits
MO_231.bin.1	d__Bacteria;p__Cyanobacteria;c__Cyanobacteriia;o__Cyanobacteriales;f__Microcoleaceae;g__Trichodesmium;s__	N/A	N/A	N/A	N/A	N/A	N/A	N/A	N/A	N/A	N/A	d__Bacteria;p__Cyanobacteria;c__Cyanobacteriia;o__Cyanobacteriales;f__Microcoleaceae;g__;s__	taxonomic novelty determined using RED	N/A	N/A	76.18	11	0.9555007555036963	N/A
MO_234.bin.1	d__Bacteria;p__Cyanobacteria;c__Cyanobacteriia;o__Cyanobacteriales;f__Xenococcaceae;g__;s__	N/A	N/A	N/A	N/A	N/A	N/A	N/A	N/A	N/A	N/A	d__Bacteria;p__Cyanobacteria;c__Cyanobacteriia;o__Cyanobacteriales;f__Xenococcaceae;g__;s__	taxonomic classification fully defined by topology	N/A	N/A	73.62	11	0.9165846032814204	N/A
